;project_name;project_number;pc_name;pc_reason;pc_description;Von_bis;planned_total_cost;nbs;abs;elektrification;batterie;second_track;third_track;fourth_track;curve;platform;junction_station;number_junction_station;overtaking_station;number_overtaking_station;double_occupancy;block_increase;flying_junction;tunnel_structural_gauge;increase_speed;new_vmax;level_free_platform_entrance;etcs;etcs_level;station_railroad_switches;station_modernization;effect_long_rail;effect_local_rail;effect_cargo;;;Strecken/Knoten;SPFV/SGV-Wirkung;Streckennummer;Bundesland;in Pros-D;railway lines;Subprojekte anlegen;GANTT;Zuordnung Korridor/Überprojekt;Gesamtmaßnahmenliste
1;Deutschlandtakt ABS Bad Zwischenahn – Westerstede Geholt;D-1;ABS Bad Zwischenahn – Westerstede Geholt;Mehrverkehr für Halbstundenrhythmus kombiniert aus Nah- und Fernverkehrmitgewünschten Knoteneinbindungen in Leer und Oldenburg, Erreichung der Knotenzeiten in Leer;zweigleisiger Abschnitt Bad Zwischenahn -Westerstede-Geholt;Bad Zwischenahn – Westerstede Geholt;60,7;;WAHR;;;WAHR;;;;;;;;;;;;;;;;;;;;FALSCH;FALSCH;WAHR;;;Oldenburg- Leer;mittelbar;1520;;ja;ja;nein;ja;Maßnahmen NRW/Niedersachsen/SH;x
2;Deutschlandtakt NBS Heigenbrücken – Nantenbach;D-2;NBS Heigenbrücken – Nantenbach;Kapazitätssteigerung für Mehrverkehr SPNV und SPFV und Erreichung von Knotenzeiten in Frankfurt und Würzburg (Knoten O und 30 in Würzburg) sowie Beitrag Zielfahrzeit Frankfurt- Würzburg von 53 Minuten (inkl. 2' Haltezeit in Aschaffenburg) zur Anschlussherstel- lung;zweigleisige NBS Heigenbrücken (Abzw. niveaufrei) – Abzw. Nantenbach (Abzw. niveaufrei) für 230 km/h;Heigenbrücken – Nantenbach;1541,3;WAHR;;;;;;;;;;;;;;;;;;;;WAHR;;;;WAHR;WAHR;WAHR;;;Aschaffenburg - Würzburg;unmittelbar;5216;;ja;ja;ja;ja;Frankfurt - Aschaffenburg - Würzburg - Nürnberg;x
3;Deutschlandtakt ABS Großkrotzenburg – Steinerts;D-3;ABS Großkrotzenburg – Steinerts;Kapazitätssteigerung bzw. Engpassauflösung sowie Beitrag zur Zielfahrzeit Frankfur t- Würzburg von 53 Minuten (inkl. 2' Haltezeit in Aschaffenburg) zur Anschlussherstellung;viergleisiger Abschnitt Großkrotzenburg – Steinerts, Geschwindigkeitserhöhung auf Ferngleisen auf 230 km/h im Abschnitt Großauheim -  Steinerts, Abzweige in Großkrotzenburg und Steinerts niveaufrei (in Steinerts sowohl von den schnellen als auch von den langsamen Gleisen in die Kurve Richtung Mainaschaff);Großkrotzenburg – Steinerts;643,6;;WAHR;;;;WAHR;WAHR;;;;;;;;;;;WAHR;230;;;;;;WAHR;WAHR;WAHR;;;Hanau - Aschaffenburg;unmittelbar;3660;;ja;nein;ja;ja;Frankfurt - Aschaffenburg - Würzburg - Nürnberg;x
4;Deutschlandtakt Knoten Bullay DB;D-4;Knoten Bullay DB;Mischverkehrsstrecke, Harmonisierung Konzepte SPFV/SPNV aufgrund planmäßiger Überholung zur Einbindung in den Knoten Koblenz;neue Bahnsteigkante in Bullay DB am Ausweichgleis in Richtung Trier;Bullay DB;8,3;;;;;;;;;WAHR;;;;;;;;;;;;;;;;FALSCH;FALSCH;WAHR;;;Koblenz - Trier;mittelbar;3010;RLP;ja;nein;nein;ja;Maßnahmen Hessen/RLP; 
5;Deutschlandtakt Bahnhof Cölbe;D-5;Bahnhof Cölbe;Mischverkehrsstrecke, Kreuzen des Regionalverkehrs im Nordkopf von Cölbe aufgrund neuer Fahrlage des SPFV;je eine neue Weichenverbindung im nördlichen und südlichen Bahnhofskopf von Cölbe zw. Gleis 4,3 und 2 sowie der Strecke 2870, Verschwenkung des Durchfahrtsgleises Nord-Süd nach Gleis 2;Bahnhof Cölbe;16;;;;;;;;;;;;;;;;;;;;;;;WAHR;;FALSCH;FALSCH;WAHR;;;Gießen - Kassel;mittelbar;2870;Hessen;ja;ja;nein;ja;Maßnahmen Hessen/RLP; 
6;Deutschlandtakt Baunatal-Guntershausen;D-6;Baunatal-Guntershausen;Mischverkehrsstrecke, Beseitigung von Trassenkonflikten zwischen RegioTram (RT) Kassel- Melsungen, SPNV Frankfurt- Kassel so- wie der gewünschten Fahrlage der Linie FR36 (Knoteneinbindungen Kassel und Eisenach);"zwei neue Bahnsteiggleise in Baunatal-Guntershausen: ein Bahn- steiggleis auf der Außenseite in Richtung Guxhagen -> Kassel, ein Bahnsteiggleis auf der Innenseite in Richtung Wabern -> Kassel= anstelle des bestehenden Hauptgleises 3 (Versetzen der bestehen- den Hauptgleise westlich notwendig), Nordkopf: DKW statt Kreuzung für parallele Fahrmöglichkeiten von Gleis 1 -> Kassel und von Kassel -> Gleis 3; Südkopf: neue Weichenverbindung vom Gleis 3 in Streckengleis nach Guxhagen";Baunatal-Guntershausen;42,1;;;;;;;;;;;;;;;;;;;;;;;;;FALSCH;FALSCH;WAHR;;;Kassel - Gießen/Bebra;mittelbar;3900/6340;Hessen;ja;nein;nein;ja;Maßnahmen Hessen/RLP; 
7;Deutschlandtakt ABS Abzw. Mönchhof – Abzw. Mönchwald;D-7;ABS Abzw. Mönchhof – Abzw. Mönchwald;Mischverkehrsstrecke, Kapazitätssteigerung bzw. Engpassauflösun;niveaufreie Einfädelung Abzw. Mönchhof und Abzw. Mönchwald, zweigleisiger Ausbau der Strecke Abzw. Mönchhof-Abzw. Mönch­ wald;Abzw. Mönchhof – Abzw. Mönchwald;115;;WAHR;;;WAHR;;;;;;;;;;;WAHR;;;;;;;;;WAHR;WAHR;WAHR;;;Mainz - Frankfurt Flughafen;unmittelbar;3539;;ja;nein;nein;ja;Knoten Frankfurt;x
8;Deutschlandtakt ABS Kaiserbrücke Ost – Wiesbaden Hbf;D-8;ABS Kaiserbrücke Ost – Wiesbaden Hbf;Mischverkehrsstrecke, Kapazitätssteigerung aufgrund Mehrverkehr im SPNV durch zusätzliche Belegungsmöglichkeiten in Wiesbaden Hbffürdie S-Bahnen Rhein-Main und Rhein-Neckar;Abzw. Kaiserbrücke Ost- Wiesbaden Hbf: Reaktivierung des 2. Gleises der Strecke 3528 zwischen Wiesbaden Ost und Wiesbaden Salzbach, zusätzlich parallele Weichenverbindung in Wiesbaden Salzbach: parallele Fahrten Wiesbaden - 3603- 3528- Mainz und Wiesbaden - 3505- 3603 - Frankfurt;Kaiserbrücke Ost – Wiesbaden Hbf;11,7;;WAHR;;;WAHR;;;;;;;;;;;;;;;;;;WAHR;;FALSCH;FALSCH;WAHR;;;Knoten Wiesbaden;mittelbar;3528;;Kosten prüfen;nein;nein;ja;Maßnahmen Hessen/RLP; 
9;Deutschlandtakt ABS Wiesbaden Hbf – Abzw. Wiesbaden Kinzenberg ;D-9;ABS Wiesbaden Hbf – Abzw. Wiesbaden Kinzenberg ;Mischverkehrsstrecke, Steigerung Kapazität aufgrund von Mehrver- kehr im SPNV, Anschlussherstellung in Wiesbaden;parallele Weichenverbindung auf der Strecke Wiesbaden Hbf - Abzw. Wiesbaden Kinzenberg am Abzw. Kinzenberg, Ausrüstung für GWB Wiesbaden Hbf-Abzw. KinzenbergfürN21 HE;Wiesbaden Hbf – Abzw. Wiesbaden Kinzenberg ;15,9;;;;;;;;;;;;;;;;;;;;;;;WAHR;;FALSCH;FALSCH;WAHR;;;Knoten Wiesbaden;mittelbar;3509/3501;;Maßnahmen Fehler prüfen;nein;nein;ja;Maßnahmen Hessen/RLP; 
10;Deutschlandtakt ABS Werne an der Lippe – Münster-Amelsbüren;D-10;ABS Werne an der Lippe – Münster-Amelsbüren;Ergänzung/Optimierung BVWP zur Verbesserung von Betriebsquali- tät und Knoteneinbindung des RRX3 und Kapazitätserweiterung für Mehrverkehre SPFV, Engpassauflösung;vollständig zweigleisiger Ausbau Werne an der Lippe – Münster-Amelsbüren;Werne an der Lippe – Münster-Amelsbüren;200,7;;WAHR;;;WAHR;;;;;;;;;;;;;;;;;;;;FALSCH;FALSCH;WAHR;;;Lünen - Münster;mittelbar;2000;;Variante zu BVWP Projekt verknüpfen;nein;nein;ja;Maßnahmen NRW/Niedersachsen/SH;x
11;Deutschlandtakt ABS Dortmund Dbw – Hamm;D-11;ABS Dortmund Dbw – Hamm;Mischverkehrsstrecke, Kapazitätssteigerung und Engpassauflösung für Mehrverkehr SPV, RRX4 Dortmund - Harnm verkehrt trassenparallel mit FR35 und FV19;"drittes Gleis Dortmund Dbw- Hamm; zusätzliches viertes Gleis Abzweig Dortmund Dbw-Dortmund-Scharnhorst";Dortmund Dbw – Hamm;1278,7;;WAHR;;;;WAHR;WAHR;;;;;;;;;;;;;;;;;;WAHR;WAHR;WAHR;;;Dortmund - Hamm;unmittelbar;2650;;ja;;;ja;NRW - Hannover - Berlin;x
12;Deutschlandtakt Ausbau Knoten Hamm;D-12;Ausbau Knoten Hamm;Engpassauflösung Maßnahme im Knoten Hamm für Mehrverkehre im SPFV und SPNV zur Reisezeitverkürzung in der Relation Bielefeld - Ruhrgebiet/Köln von bis zu einer Minute ggü. Fahrplan 2021 zur Anschlussherstellung in den Knoten Hamm und Köln;"Umbau Knoten Hamm (mit ABS/NBS Dortmund - Hamm - Bielefeld - Seelze) zur Kapazitätssteigerung bzw. Engpassauflösung sowie zur Knotenbildung: - Überwerfung von Dortmund nach Gleis 712 und Gleis 711; - Gleis 713 wird durchgehendes RRX-Hauptgleis Richtung Dortmund; - Gleis 712 wird durchgehendes RRX-Hauptgleis Richtung Bielefeld; - mittiges Wartegleis für SGV Richtung Bielefeld im Nordkopf (740m); - Umfahrung DKW 804 in Richtung Hamm - Dortmund (Eilgutgleis) durch Bau einer Verbindung DKW 842 - Gleis 670 - Eilgutgleis; - Ertüchtigung G-Bahn zwischen Selmig und Abzw. Hps";Hamm;392,1;;;;;;;;;;;;;;;;WAHR;;;;;;;WAHR;;WAHR;WAHR;WAHR;;;Knoten Hamm;unmittelbar;mehrere;;;;;ja;NRW - Hannover - Berlin; 
13;Deutschlandtakt ABS Hamm – Bielefeld;D-13;ABS Hamm – Bielefeld;"Engpassauflösung wegen Mehrverkehr SPFV und SPNV und bessere Knoteneinbindung (Anschlussherstellung) in Hamm und Hannover (Zielfahrzeit Hamm - Hannover 54 Minuten inkl 2' Haltezeit in Bielefeld), zudem Beitrag zur Fahrzeitverkürzung Berlin - Hannover - NRW auf 3:35h, Erreichung Zielfahrzeit Hamm - Bielefeld: 21 Minuten; zudem Maßnahmenliste Halbstundentakt DB Netz AG 2026: Minimierung Verspätungsübertragungsrisiko, ""Robustes Netz NRW"" bis zur IBN NBS/ABS Hamm - Seelze (Etappierungsmaßnahme)";"Ausbau Fernbahn Hamm - Bielefeld für bis zu 300 km/h; Ertüchtigung der Güterbahn Hamm - Herforder (Gz-Gleise) für den Personenverkehr (160 km/h); neue Schweichelner Kruve, Anpassung div. Bahnhofstopologien, Bahnsteige an der Strecke 2990, Bau von Überholgleisen für den Personenverkehr (Nutzlänge 215m) in Ahlen und Oelde";Hamm – Bielefeld;2061,8;;WAHR;;;;;;WAHR;;;;WAHR;;;;;;WAHR;160;WAHR;;;WAHR;;WAHR;WAHR;WAHR;;;Hamm - Bielefeld - Hannover;unmittelbar;1700/2990;;;;;ja;NRW - Hannover - Berlin; 
14;Deutschlandtakt NBS Bielefeld – Seelze;D-14;NBS Bielefeld – Seelze;Kapazitätssteigerung und Engpassauflösung wegen Mehrverkehr SPFV und SPNV und besserer Knoteneinbindung (Anschlussherstel- lung) in Harn m und Hannover(Zielfahrzeit54 Minuten inkl. 2' Halte- zeit in Bielefeld Hbf), zudem Beitrag zur Fahrzeitverkürzung Ber!in/Hannover- NRW auf 3:35 h, Erreichung Zielfahrzeit Hannover- Bielefeld: 31 Minuten als Folge der Kantenzeit Harnm - Hannover von 54 Minuten;NBS/ABS Bielefeld - Seelze für bis zu 300 km/h;Bielefeld – Seelze;5130,8;WAHR;WAHR;;;;;;;;;;;;;;;;;;;;;;;WAHR;WAHR;WAHR;;;Hamm - Bielefeld - Hannover;unmittelbar;neu;;;;;ja;NRW - Hannover - Berlin;x
15;Deutschlandtakt ABS Löhne – Osnabrück;D-15;ABS Löhne – Osnabrück;Zielfahrzeitvon 61 Minuten (nonstop) zwischen Hannover und Osn- abrück für beschleunigte Linie zur Optimierung der Knoteneinbin- dung, Fahrzeitkürzung von 3 Minuten gegenüber Fahrplan 2021;Geschwindigkeitserhöhung Löhne - Osnabrück auf bis zu 160 km/h und Weichen für höhere Geschwindigkeiten in Löhne1  .;Löhne – Osnabrück;189,7;;WAHR;;;;;;;;;;;;;;;;WAHR;160;;;;WAHR;;WAHR;WAHR;WAHR;;;Löhne - Rheine;unmittelbar;2992;;;;;ja;Maßnahmen NRW/Niedersachsen/SH; 
16;Deutschlandtakt Knoten Bielefeld;D-16;Knoten Bielefeld;"Kapazitätsausweitung aufgrund Mehrverkehr SPV im Rahmen der ABS/NBS Dortmund-Hamm - Bielefeld-Seelze:Ermöglichung doppelter Gleisbelegungen an den Gleisen 6 und 7; Parallele Fahr- möglichkeiten im Süd- und Nordkopf in Bielefeld Hbf aufgrund Erhö- hung Mengengerüst und Knotenfunktion Bielefeld Hbf";neuer Mittelbahnsteig in Bielefeld Hbf zwischen den Gleisen 7 und 8, zusätzliche Weichen;Bielefeld – Seelze;22,4;;;;;;;;;WAHR;;;;;;;;;;;;;;WAHR;;WAHR;WAHR;WAHR;;;Knoten Bielefeld;unmittelbar;2990;;;;;ja;NRW - Hannover - Berlin;x
17;Deutschlandtakt Knoten Minden;D-17;Knoten Minden;Maßnahmenliste Halbstundentakt DB Netz AG 2026: Minimierung Verspätungsübertragung aufgrund Mengenwachstum SPFV (Etappierungsmaßnahme);Bau eines zusätzlichen Außenbahnsteigs in Minden an Gleis 14 für wendende Express-Linie (heutiger RE 6);Minden;5,9;;;;;;;;;WAHR;;;;;;;;;;;;;;;;WAHR;WAHR;WAHR;;;Hamm - Bielefeld - Hannover;unmittelbar;1700;;;;;ja;NRW - Hannover - Berlin; 
18;Deutschlandtakt Knoten Dortmund Gleis 26;D-18;Knoten Dortmund Gleis 26;Doppelbelegungen aufgrund Mehrverkehr Dortmund - Hamm im SPFV und SPNV;Bahnsteigabschnittssignale in Dortmund Hbf an Gleis 26 zur Doppelbelegung Emschertalbahn/Westmünsterlandbahn;Dortmund;3,1;;;;;;;;;;;;;;WAHR;;;;;;;;;;;WAHR;WAHR;WAHR;;;Knoten Dortmund;unmittelbar;mehrere;;;;;ja;Maßnahmen NRW/Niedersachsen/SH;x
19;Deutschlandtakt Knoten Dortmund Gleis 21;D-19;Knoten Dortmund Gleis 21;Kapazitätssteigerung aufgrund Mehrverkehr Dortmund - Harn mim SPV;Dortmund Hbf:Verlängerung des Bahnsteigsan Gleis21 auf400 m inkl. Verschiebung von Weichen zur Nutzung durch den SPFV und Aufgabe des bahnsteiglosen Gleises 24;Dortmund;7,3;;;;;;;;;WAHR;;;;;;;;;;;;;;WAHR;;WAHR;WAHR;WAHR;;;Knoten Dortmund;unmittelbar;mehrere;;;;;ja;Maßnahmen NRW/Niedersachsen/SH; 
20;Deutschlandtakt Knoten Aachen;D-20;Knoten Aachen;Engpassauflösung bzw. Kapazitätssteigerung Knoten Aachen für Mehrverkehre im SGV, SPNV und SPFV, wobei der SPNV in diverse Knoten im Raum Aachen eingebunden ist. Zudem Kapazitätssteige- rung im Knoten Aachen, um Synchronisation von SGV-Systemtras- sen östlich und westlich von Aachen Hbf zu erreichen;Aachen Hbf: doppelte Weichenverbindung nach Gleis 28 im West- kopf und Ant?.indung Gleis 26 von Aachen West, Herstellung zweier mittiger GV-Uberholgleise in Aachen Hbf als Warteposition für Güter- züge;Aachen;6,5;;;;;;;;;;;;;;;;;;;;;;;WAHR;;WAHR;WAHR;WAHR;;;Knoten Aachen;unmittelbar;2550/2600;;;;;ja;Maßnahmen NRW/Niedersachsen/SH; 
21;Deutschlandtakt Abzw. Flughafen Nordwest;D-21;Abzw. Flughafen Nordwest;Herstellung von parallelen Fahrmöglichkeiten und Engpassauflösung;Abzw. Flughafen Nordwest(Köln-Kalk Bft- Grem berghoven): zu- sätzliche Verknüpfungen der Strecke 2651 (Siegstrecke) mitder Strecke 2690 (SFS Köln - Rhein/Main);Abzw. Flughafen Nordwest;171,7;;;;;;;;WAHR;;;;;;;;;;;;;;;;;WAHR;WAHR;WAHR;;;Knoten Köln;unmittelbar;mehrere;;;;;ja;Maßnahmen NRW/Niedersachsen/SH;x
22;Deutschlandtakt Knoten Frankfurt West;D-22;Knoten Frankfurt West;Mischverkehrsstrecke: Kapazitätssteigerung aufgrund Ausweitung MengengerüstSPNV;Frankfurt West: Achsverschwenkung um eine Achse nach Westen, um Gleis 4 für Puffern der Züge von der S-Bahn-Strecke (3684) auf die Strecke 3900 nutzen zu können;Frankfurt West;33,6;;;;;;;;;;;;;;;;;;;;;;;WAHR;;FALSCH;FALSCH;WAHR;;;Gießen - Frankfurt;mittelbar;3900;;;;;ja;Maßnahmen Hessen/RLP; 
23;Deutschlandtakt ABS Grünberg – östlich Grünberg;D-23;ABS Grünberg – östlich Grünberg;"Verdichtung auf Halbstundentaktin HVZ; bessere Einbindung in die SPFV-Knoten in Gießen und Fulda (Anschlussherstellung)";"zweigleisiger Ausbau Grünberg - östlich Grünberg im Bereich des Kreuzungsbahnhofs; Anpassung LST";Grünberg – östlich Grünberg;23,6;;WAHR;;;WAHR;;;;;;;;;;;;;;;;;;;;FALSCH;FALSCH;WAHR;;;Gießen - Fulda;mittelbar;3700;;;;;ja;Maßnahmen Hessen/RLP;x
24;Deutschlandtakt Bahnhöfe Burggemünden, Niedergemünden;D-24;Bahnhöfe Burggemünden, Niedergemünden;"Verdichtung auf Halbstundentaktin HVZ; bessere Einbindung in die SPFV-Knoten in Gießen und Fulda (Anschlussherstellung)";"neuer Kreuzungsbahnhof Burg- und Niedergemünden;Anpassung LST";Burggemünden, Niedergemünden;10,3;;;;;;;;;;WAHR;;;;;;;;;;;;;;;FALSCH;FALSCH;WAHR;;;Gießen - Fulda;mittelbar;3700;;;;;ja;Maßnahmen Hessen/RLP; 
25;Deutschlandtakt Knoten Zell-Romrod;D-25;Knoten Zell-Romrod;"Verdichtung auf Halbstundentaktin HVZ; bessere Einbindung in die SPFV-Knoten in Gießen und Fulda (Anschlussherstellung)";"zweigleisiger Ausbau im Bereich des Kreuzungsbahnhofs Zell- Romrod;Anpassung LST";Zell-Romrod;12,6;;WAHR;;;WAHR;;;;;;;;;;;;;;;;;;;;FALSCH;FALSCH;WAHR;;;Gießen - Fulda;mittelbar;3700;;;;;ja;Maßnahmen Hessen/RLP; 
26;Deutschlandtakt Knoten Wallenrod;D-26;Knoten Wallenrod;"Verdichtung auf Halbstundentaktin HVZ; bessere Einbindung in die SPFV-Knoten in Gießen und Fulda (Anschlussherstellung)";"zweiter Bahnsteig Wallenrod; Anpassung LST";Wallenrod;10,3;;;;;;;;;WAHR;;;;;;;;;;;;;;;;FALSCH;FALSCH;WAHR;;;Gießen - Fulda;mittelbar;3700;;;;;ja;Maßnahmen Hessen/RLP; 
27;Deutschlandtakt Knoten Großen Buseck;D-27;Knoten Großen Buseck;"Verdichtung auf Halbstundentaktin HVZ; bessere Einbindung in die SPFV-Knoten in Gießen und Fulda (Anschlussherstellung)";"zweigleisiger Ausbau westlich des Kreuzungsbahnhofs Großen Bus- eck (Richtung Gießen); Anpassung LST";Großen Buseck;42,5;;WAHR;;;WAHR;;;;;;;;;;;;;;;;;;;;FALSCH;FALSCH;WAHR;;;Gießen - Fulda;mittelbar;3700;;;;;ja;Maßnahmen Hessen/RLP; 
28;Deutschlandtakt ABS Reiskirchen – Grünberg;D-28;ABS Reiskirchen – Grünberg;"Verdichtung auf Halbstundentaktin HVZ; Fahrzeit Reiskirchen - Grünberg von 8 Minutenmitzwei Zwischenhalten zur verbesserten Knoteneinbindung in die SPFV-Knoten Gießen und Fulda (An- schlussherstellung)";Ausbau mit Streckenbeschleunigung zwischen Reiskirchen und Grünberg;Reiskirchen – Grünberg;19;;WAHR;;;;;;;;;;;;;;;;WAHR;;;;;;;FALSCH;FALSCH;WAHR;;;Gießen - Fulda;mittelbar;3700;;;;;ja;Maßnahmen Hessen/RLP; 
29;Deutschlandtakt ABS Bodenburg – Groß Düngen;D-29;ABS Bodenburg – Groß Düngen;4 Minuten Fahrzeitkürzung ggü. Fahrplan 2021 zur Knoteneinbin- dung Hildesheim und Herstellung der SPFV-Anschlüsse in Hildes- heim;Ertüchtigung der Strecke Bodenburg - Groß Düngen für eine Stre- ckengeschwindigkeitvon 80 km/h;Bodenburg – Groß Düngen;13,7;;WAHR;;;;;;;;;;;;;;;;WAHR;80;;;;;;FALSCH;FALSCH;WAHR;;;Bodenburg - Groß Düngen;mittelbar;1822;;;;;ja;Maßnahmen Hessen/RLP; 
30;Deutschlandtakt Knoten Twistringen;D-30;Knoten Twistringen;Kapazitätssteigerung und Engpassauflösung für SPV und SGV durch Entfall kreuzender Fahrwege der endenden Züge;mittiges Wendegleis in Twistringen für S-Bahn Bremen;Twistringen;18,7;;;;;;;;;;;;;;;;;;;;;;;WAHR;;WAHR;WAHR;WAHR;;;Osnabrück - Bremen;unmittelbar;2200;;;;;ja;Bremen - Hamburg - Hannover; 
31;Deutschlandtakt Knoten Hanau;D-31;Knoten Hanau;Mischverkehrsstrecke, Kapazitätssteigerung bzw. Engpassauflösung zur Aufnahme des Mehrverkehrs Frankfurt- Hanau im SPV durch Entflechtung der Fahrtbeziehungen Offenbach - Fulda und Aschaf- fenburg- Offenbach;Überwerfung im Ostkopf von Hanau Hbf;Hanau Hbf;91;;;;;;;;;;;;;;;;WAHR;;;;;;;;;WAHR;WAHR;WAHR;;;Knoten Hanau;unmittelbar;mehrere;;;;;ja;Frankfurt - Aschaffenburg - Würzburg - Nürnberg; 
32;Deutschlandtakt NBS Darmstadt – SFS Rhein/Main / Rhein/Neckar;D-32;NBS Darmstadt – SFS Rhein/Main / Rhein/Neckar;Anbindung Darmstadt an SFS Rhein/Main - Rhein/Neckar in Richtung Süden und Umsetzung Mengengerüst SPFV im Korridor Frankfurt - Mannheim;eingleisige Südanbindung von Darmstadt an SFS Rhein/Main - Rhein/Neckar (Frankfurt- Mannheim) mit niveaufreier Einbindung;Darmstadt – SFS Rhein/Main / Rhein/Neckar;212,2;WAHR;;;;;;;;;;;;;;;WAHR;;;;;;;;;WAHR;WAHR;WAHR;;;Darmstadt - NBS R/M-R/N - Mannheim;unmittelbar;neu;;;;;ja;Basel - Mannheim - Frankfurt - Fulda - Erfurt - Berlin; 
33;Deutschlandtakt Knoten Fulda-Bronnzell;D-33;Knoten Fulda-Bronnzell;Maßnahmenliste Halbstundentakt DB Netz AG 2026: Vorschlag DB Netz 2026: Qualität aufgrund Mengenwachstum und geänderter Knotenanbindung in Fulda (Etappierungsmaßnahme), Kapazitätssteigerung bzw. Engpassauflösung, um Züge der Rhönbahn unabhängig von Zügen der Relation Frankfurt - Fulda verkehren zu lassen;geänderte Weichenverbindung im Bft Fulda - Bronnzell;Fulda - Bronnzell;21,7;;;;;;;;;;;;;;;;;;;;;;;WAHR;;WAHR;WAHR;WAHR;;;Frankfurt - Fulda/Gerstungen;unmittelbar;3600/3824;;;;;ja;Basel - Mannheim - Frankfurt - Fulda - Erfurt - Berlin; 
34;Deutschlandtakt NBS Offenbach West Abzweig – Hanau Nordseite;D-34;NBS Offenbach West Abzweig – Hanau Nordseite;Engpassauflösung aufgrund Mehrverkehr SPFV bei südmainischer Anbindung des Fernbahntunnels Frankfurt und Zielfahrzeit Frankfurt - Fulda von 35 Minuten (nonstop);zusätzliche zweigleisige Strecke Offenbach WestAbzw - Hanau Nordseite mit bis zu 200 km/h;Offenbach West Abzweig – Hanau Nordseite;2099;WAHR;;;;;;;;;;;;;;;;;;200;;;;;;WAHR;WAHR;WAHR;;;Offenbach West - Abzw;unmittelbar;neu;;;;;ja;Basel - Mannheim - Frankfurt - Fulda - Erfurt - Berlin; 
35;Deutschlandtakt NBS Erfurt – Eisenach;D-35;NBS Erfurt – Eisenach;"Erreichung Zielfahrzeit Frankfurt- Eisenach von 80 Minuten (bei 2 Zwischenhalten); Zielfahrzeit Fulda- Eisenach: 43 Min. (inkl. 2 Minu­ ten Haltezeit in Bebra/Bad Hersfeld NBS),Anschlussherstellung";"Erhöhung Geschwindigkeit der BVWP-Maßnahme (Verbindung von NBS Würzburg- Hannover nach Blanken heim) von 200 km/h auf 230 km/h und Verlängerung des Ausbaus bis Gerstungen; Erhöhung Vmax der NBS Kirchheim - Blankenheim - Gerstungen auf mind. 230 km/h zur Erreichung der Zielfahrzeit; Ausbau der Strecke von Bebra (Anschluss von SFS) bis Beginn HönebacherTunnel auf 230 km/h, Ertüchtigung der Ortsdurchfahrt Hönebach auf 160 km/h und Ausbau der Strecke von Hönebach bis Gerstungen auf 200 km/h";Erfurt – Eisenach;4982,2;WAHR;;;;;;;;;;;;;;;;;WAHR;230;;;;;;WAHR;WAHR;WAHR;;;Fulda - Erfurt;unmittelbar;neu;;;;;ja;Basel - Mannheim - Frankfurt - Fulda - Erfurt - Berlin; 
36;Deutschlandtakt ABS Appenweier Kurve – Appenweier Muhrhaag;D-36;ABS Appenweier Kurve – Appenweier Muhrhaag;Kapazitätssteigerung und Engpassauflösung SGV;zweigleisiger Ausbau Appenweier Kurve -Appenweier Muhrhaag mit mittigem Wartegleis für den Güterverkehr auf der SFS Karlsruhe - Basel;Appenweier Kurve – Appenweier Muhrhaag;82,5;;WAHR;;;WAHR;;;;;;;WAHR;;;;;;;;;;;;;WAHR;WAHR;FALSCH;;;Appenweier Kurve - Appenweier Muhrhaag;unmittelbar;4262;BW;;;;ja;Basel - Mannheim - Frankfurt - Fulda - Erfurt - Berlin; 
37;Deutschlandtakt Knoten München (Fußgängersteg);D-37;Knoten München (Fußgängersteg);Verkürzung der Umsteigezeiten in München Hbf von 10 auf 7 Minuten in der Haupthalle und von 13 auf 10 Minuten zwischen den Bahnhofsteilen (Flügelbahnhöfe);zusätzlicher Fußgängersteg/-unterführung in München Hbf;München;33,4;;;;;;;;;WAHR;;;;;;;;;;;;;;;;WAHR;WAHR;WAHR;;;Knoten München;unmittelbar;mehrere;;;;;ja;Knoten München; 
38;Deutschlandtakt Knoten Hannover (Fußgängerunterführung);D-38;Knoten Hannover (Fußgängerunterführung);Verkürzung der Umsteigezeiten in Hannover Hbf von 8 auf 7 Minuten;zusätzliche Personenunterführung Hannover Hbf;Hannover;6,6;;;;;;;;;WAHR;;;;;;;;;;;;;;;;WAHR;WAHR;WAHR;;;Knoten Hannover;unmittelbar;mehrere;;;;;ja;Knoten Hannover; 
39;Deutschlandtakt Knoten Donauwörth (Überwerfungsbauwerk);D-39;Knoten Donauwörth (Überwerfungsbauwerk);Kapazitätssteigerung bzw. Engpassauflösung, dam itdurchgehende Züge von Ulm nach Regensburg verkehren können;Überwerfungsbauwerk Donauwörth fürdurchgehende Züge auf der Strecke 5381;Donauwörth;60,7;;;;;;;;;;;;;;;;;;;;;;;WAHR;;FALSCH;FALSCH;WAHR;;;Knoten Donauwörth;mittelbar;5381;BY;;;;ja;Maßnahmen Bayern; 
40;Deutschlandtakt Knoten Donauwörth (Achsverschwenkung);D-40;Knoten Donauwörth (Achsverschwenkung);Reduktion von Kreuzungskonflikten aufgrund Struktur SPV und Verkehrsmenge SGV zur Kapazitätssteigerung;Achsverschwenkung des Hauptgleises Treuchtlingen -Augsburg in Donauwörth auf Gleis4 und parallele Fahrstraße Riesbahn -> Gleis 5;Donauwörth;11,2;;WAHR;;;;;;;;;;;;;;;;;;;;;WAHR;;FALSCH;FALSCH;WAHR;;;Knoten Donauwörth;mehrere;mehrere;BY;;;;ja;Maßnahmen Bayern; 
41;Deutschlandtakt NBS Würzburg – Nürnberg;D-41;NBS Würzburg – Nürnberg;Knoteneinbindung Würzburg und Nürnberg mit einer Zielfahrzeit von 29 Minuten zur Anschlussherstellung, Kapazitätssteigerung bzw. Engpassauflösung aufgrund MehrverkehrSPNVund SPFV sowie Kapazitätsausweitung aufgrund SGV-Prognose;NBS Würzburg- Nürnberg (Rottendorf- Fürth-Bislohe) inkl. Einbin- dung in den Knoten Nürnberg, Neu-/Ausbau auf bis zu 300 km/;Würzburg – Nürnberg;5702,8;WAHR;WAHR;;;;;;;;;;;;;;;;WAHR;300;;;;;;WAHR;WAHR;WAHR;;;Würzburg - Nürnberg;unmittelbar;neu;;;;;ja;Frankfurt - Aschaffenburg - Würzburg - Nürnberg; 
42;Deutschlandtakt NBS Würzburg – Nürnberg (Überholgleis Bereich Rottendorf – Fürth-Bislohe));D-42;NBS Würzburg – Nürnberg (Überholgleis Bereich Rottendorf – Fürth-Bislohe));Führung des SGV über die NBS während des Tages;mindestens ein Überholgleis an geeigneter Stelle im Abschnitt Rot- tendorf- Fürth-Bislohe;Würzburg – Nürnberg (Überholgleis Bereich Rottendorf – Fürth-Bislohe));11,2;WAHR;;;;;;;;;;;;;;;;;;;;;;;;WAHR;WAHR;WAHR;;;Würzburg - Nürnberg;unmittelbar;neu;;;;;ja;Frankfurt - Aschaffenburg - Würzburg - Nürnberg; 
43;Deutschlandtakt Knoten Ingolstadt;D-43;Knoten Ingolstadt;Doppelbelegungen aufgrund Mehrverkehr im Knoten Ingolstadt erforderlich;neues Zugdeckungssignal an Gleis 1 in Ingolstadt Hbf;Knoten Ingolstadt;1,3;;;;;;;;;;;;;;WAHR;;;;;;;;;;;WAHR;WAHR;WAHR;;;Knoten Ingolstadt;unmittelbar;5501;;;;;ja;Frankfurt - Aschaffenburg - Würzburg - Nürnberg; 
44;Deutschlandtakt Knoten Friedrichsfeld Süd;D-44;Knoten Friedrichsfeld Süd;Kapazitätssteigerung und Engpassauflösung im Hinblick auf den SGV;Wartegleis in Friedrichsfeld Süd für den Güterverkehr der Relation Heidelberg- Mannheim Rbf;Friedrichsfeld Süd;31,2;;;;;;;;;;;;WAHR;;;;;;;;;;;;;WAHR;WAHR;WAHR;;;Knoten Mannheim;unmittelbar;4000;BW;;;;ja;Knoten Mannheim; 
45;Deutschlandtakt ABS Abzweig Nahrstedt;D-45;ABS Abzweig Nahrstedt;Kapazitätssteigerung und Engpassauflösung im Hinblick auf den SGV;parallele Fahrmöglichkeit im Abzw. Nahrstedt von der Schnellfahrstrecke Richtung Stendal und von Stendal in Richtung Gardelegen;Abzweig Nahrstedt;14,4;;;;;;;;;;;;;;;;;;;;;;;WAHR;;WAHR;WAHR;WAHR;;;Wolfsburg - Stendal - Berlin;unmittelbar;6107;;;;;ja;NRW - Hannover - Berlin; 
46;Deutschlandtakt ABS Uchtspringe – Vinzelberg – Abzw. Nahrstedt;D-46;ABS Uchtspringe – Vinzelberg – Abzw. Nahrstedt;Geänderte Knoteneinbindung im Knoten Stendal zur Anschlussaufnahme von geänderter Fahrlage des Fernverkehrs;Zweigleisigkeit Uchtspringe - Vinzelberg -Abzw. Nahrstedt inkl. Bahnhofsausbauten mitschienenfreien Zugängen sowie Neuersteilung der Außenbahnsteige;Uchtspringe – Vinzelberg – Abzw. Nahrstedt;81,5;;WAHR;;;WAHR;;;;WAHR;;;;;;;;;;;;;;;;FALSCH;FALSCH;WAHR;;;Wolfsburg - Stendal - Berlin;mittelbar;6107;;;;;ja;NRW - Hannover - Berlin; 
47;Deutschlandtakt ABS Muldenstein - Radis;D-47;ABS Muldenstein - Radis;Kapazitätsausweitung durch eigenständige Trassierung der S-Bahn, damit SPFV überholen kann und unabhängige Kruezung des S-Bahn in Radis, Ausweitung Mengengerüst SPFV;Dreigleisiger Abschnitt Muldenstein - Radis mit Kreuzungsmöglichkeit Radis;Muldenstein - Radis;177,8;;WAHR;;;;WAHR;;;;;;;;;;;;;;;;;;;FALSCH;FALSCH;WAHR;;;Berlin - Halle;mittelbar;6132;;;;;ja;Basel - Mannheim - Frankfurt - Fulda - Erfurt - Berlin; 
48;Deutschlandtakt ABS Engelsdorf - Borsdorf;D-48;ABS Engelsdorf - Borsdorf;Entlastung der Fernbahn bzw. der Mischverkehrsstrecke, Engpassauflösung (Angebotsmehrung auf den S-Bahn Gleisen durch Umstellung des SPNV nach Grimma auf S-Bahn mit Mengenausweitung, 15 Minuten-Takt S-bahn bis Borsdorf, Eigenkreuzung westlich von Borsdor);zweigleisiger Abschnitt Engelsdorf - Borsdorf für die S-Bahn-Strecke;Engelsdorf - Borsdorf;94,5;;WAHR;;;WAHR;;;;;;;;;;;;;;;;;;;;FALSCH;FALSCH;WAHR;;;Leipzig - Dresden - Neustadt;mittelbar;6363;;;;;ja;Knoten Leipzig; 
49;Deutschlandtakt ABS Schönebeckk – Magdeburg;D-49;ABS Schönebeckk – Magdeburg;Optimierung Zulauf von SPFV und SPNV nach Magdeburg Hbfin Nullknoten;Nutzbarmachung der Güterstrecke Schönebeckk - Magdeburg auch für den Personenverkehr;Schönebeckk – Magdeburg;371,9;;WAHR;;;;;;;;;;;;;;;;;;;;;;;FALSCH;FALSCH;WAHR;;;Schönebeck - Glindenberg;mittelbar;6406;;;;;ja;Maßnahmen Ost; 
50;Deutschlandtakt ABS Oebisfeld – Bamme;D-50;ABS Oebisfeld – Bamme;Fahrzeitverkürzung um rund 10 Minuten ggü. Fahrplan 2021 bzw. Anschlussherstellung in der Relation Berlin - NRW;Ausbau fürVmax=300 km/h (280 bis 300 km/h von Oebisfelde bis Bamme mit2 Einbrüchen bei Staffelde und Rathenow, Ribbeck- Bamme mit250 oder300 km/h, Ribbeck- Wustermarkmit280 km/h);Oebisfeld – Bamme;946;;WAHR;;;;;;;;;;;;;;;;WAHR;300;;;;;;WAHR;WAHR;WAHR;;;Wolfsburg - Stendal - Berlin;unmittelbar;6107/6185;;;;;ja;NRW - Hannover - Berlin; 
51;Deutschlandtakt Knoten Erfurt;D-51;Knoten Erfurt;Kapazitätssteigerung bzw. Engpassauflösung aufgrund Mengenaus- weitung SPFV und SPNV, halbstündliche SPFV-Korrespondenz im Knoten Erfurt mit kurzen Haltezeiten und parallelen Ein- und Aus- fahrm öglichkeiten, Anschlussherstellung;Überwerfungsbauwerke Erfurt Hbf im Ost- und Westkopf;Erfurt;174,3;;;;;;;;;;;;;;;;WAHR;;;;;;;;;WAHR;WAHR;WAHR;;;Knoten Erfurt;unmittelbar;mehrere;;;;;ja;Basel - Mannheim - Frankfurt - Fulda - Erfurt - Berlin; 
52;Deutschlandtakt Knoten Dresden;D-52;Knoten Dresden;Kapazitätssteigerung aufgrund Mengenausweitung SPFVund SPNV auf Mischverkehrsstrecke, Engpassauflösung im Knoten, Vergröße- rung der Kapazität zwischen Dresden Neustadt und Dresden Hbffür SPNV;Dresden Neustadt- Dresden Hbf (S-Bahn): Weichenverbindung von S-Bahn auf Fernverkehrs-Gleise im Vorfeld von Dresden Hbf,;Knoten Dresden;9;;;;;;;;;;;;;;;;;;;;;;;WAHR;;FALSCH;FALSCH;WAHR;;;Coswig- Pirna;mittelbar;6239;;;;;ja;Maßnahmen Ost; 
53;Deutschlandtakt ABS Leipzig Radefeld/GVZ – Leipzig Messe;D-53;ABS Leipzig Radefeld/GVZ – Leipzig Messe;Kapazitätssteigerung bzw. Engpassauflösung aufgrund Mengenaus- weitung SPFV, Trennung S-Bahn/ SPFV zwischen Leipzig Messe und Leipzig Hbf;neue Gleisverbindung Leipzig Radefeld/GVZ- Leipzig Messe für konfliktfreie Einführung S-Bahn auf S-Bahn Gleise (6411) in Leipzig Messe;Leipzig Radefeld/GVZ – Leipzig Messe;78,4;;;;;;;;;;WAHR;;;;;;;;;;;;;;;WAHR;WAHR;WAHR;;;Knoten Leipzig;unmittelbar;5919;;;;;ja;Knoten Leipzig; 
54;Deutschlandtakt ABS Leipzig Messe Nord – Leipzig Messe;D-54;ABS Leipzig Messe Nord – Leipzig Messe;Mischverkehrsstrecke, Kapazitätssteigerung aufgrund Mengenaus- weitung SPFV, Trennung S-Bahn/ SPFV zwischen Leipzig Messe und Leipzig Hbf, konfliktfreie Einführung SPFV/SPNV-Ströme von Flughafen Leipzig/Halle und Bitterfeld;Anpassung (zusätzliche Weichen) Leipzig Messe Nord- Leipzig Messe;Leipzig Messe Nord – Leipzig Messe;77;;;;;;;;;;;;;;;;;;;;;;;WAHR;;WAHR;WAHR;WAHR;;;Knoten Leipzig;unmittelbar;6411/6388;;;;;ja;Knoten Leipzig; 
55;Deutschlandtakt ABS Knoten Leipzig;D-55;ABS Knoten Leipzig;Mischverkehrsstrecke, Kapazitätssteigerung aufgrund Mengenausweitung SPFV und SPNV;Leipzig VolkmarsdorfBft- Leipzig Hbf: neue Weichenverbindung im Bahnhofsvorfeld, damit Gleis 11 von Dresdner Gleise (Strecke 6363) erreichbarwird;Knoten Leipzig;6,4;;;;;;;;;;;;;;;;;;;;;;;WAHR;;WAHR;WAHR;WAHR;;;Knoten Leipzig;unmittelbar;6363;;;;;ja;Knoten Leipzig; 
56;Deutschlandtakt ABS Lübeck – Bad Schwartau;D-56;ABS Lübeck – Bad Schwartau;Mischverkehrsstrecke, Kapazitätssteigerung aufgrund Mengenaus- weitung SPNV, Umsetzung des vom Land gewünschten Mengenge- rüsts und bessere Knoteneinbindung Lübeck;drittes Gleis Lübeck- Bad Schwartau aufgrund paralleler Fahrten;Lübeck – Bad Schwartau;329,8;;WAHR;;;;WAHR;;;;;;;;;;;;;;;;;;;FALSCH;FALSCH;WAHR;;;Lübeck - Bad Schwartau;mittelbar;1100;;;;;ja;Maßnahmen NRW/Niedersachsen/SH; 
57;Deutschlandtakt ABS Ratzeburg – Büchen;D-57;ABS Ratzeburg – Büchen;Kapazitätssteigerung bzw. Engpassauflösung bedingtdurch die Ka- pazitätsausweitung auf Wunsch des Landes nach 30-Minuten-Takt Lübeck- Büchen im Wechselspiel mitdem SGV;Zweigleisiger Ausbau Ratzeburg - Büchen südlich Güster bis nörd- lieh Büchen;Ratzeburg – Büchen;69,7;;WAHR;;;WAHR;;;;;;;;;;;;;;;;;;;;FALSCH;FALSCH;WAHR;;;Lübeck - Büchen;mittelbar;1121;;;;;ja;Maßnahmen NRW/Niedersachsen/SH; 
58;Deutschlandtakt ABS Hamburg Hbf – Hamburg-Bergedorf;D-58;ABS Hamburg Hbf – Hamburg-Bergedorf;Durchgehende Zweigleisigkeit für Relation Hamburg - Büchen aus Strecken 6100 (Richtung Hamburg) und 1245 (Richtung Berlin), Ka- pazitätssteigerung bzw. Engpassauflösung im Knoten Hamburg bei gleichzeitiger Knoteneinbindung in Harnburg und Wittenberge;Hamburg Hbf – Hamburg-Bergedorf: Ertüchtigung der Strecke 1245 für zusätzliche Fahrmöglichkeit Harnburg - Berlin;Hamburg Hbf – Hamburg-Bergedorf;37,9;;WAHR;;;;;;;;;;;;;;;;;;;;;;;WAHR;WAHR;WAHR;;;Knoten Hamburg;unmittelbar;6100/1245;;;;;ja;Knoten Hamburg; 
59;Deutschlandtakt Knoten Hamburg (Südkopf);D-59;Knoten Hamburg (Südkopf);Durchgehende Zweigleisigkeitfür Relation Hamburg - Büchen aus Strecken 6100 (Richtung Hamburg) und 1245 (Richtung Berlin);Hamburg Hbf: Umbau Südkopf:Verkürzung Bahnsteig 7/8,Anbin- dung Gleise 6 und 7 in Richtung Abstellbahnhof/Strecke 1245;Knoten Hamburg (Südkopf);8,4;;;;;;;;;WAHR;;;;;;;;;;;;;;;;WAHR;WAHR;WAHR;;;Knoten Hamburg;unmittelbar;6100/1120;;;;;ja;Knoten Hamburg; 
60;Deutschlandtakt NBS Tieflegung Verbindungsbahn S-Bahn;D-60;NBS Tieflegung Verbindungsbahn S-Bahn;Kapazitätssteigerung bzw. Engpassauflösung für den Fern-und Regionalverkehrzwischen Hamburg Hbf und Hamburg Altona Nord mit konsequenter Umsetzung des Halts Hamburg Dammtor;Hamburg Hbf: Umbau Gleise 3/4 für Fern- und Regionalverkehr und Tieflegung S-Bahn von derVerbindungsbahn mitzwei zusätzlichen Bahnsteigkanten für die S-Bahn;Tieflegung Verbindungsbahn S-Bahn;2659,3;WAHR;;;;;;;;WAHR;;;;;;;;;;;;;;;;FALSCH;FALSCH;WAHR;;;Knoten Hamburg;mittelbar;6100/1120;;;;;ja;Knoten Hamburg; 
61;Deutschlandtakt Knoten Hamburg (Gleis 15);D-61;Knoten Hamburg (Gleis 15);Kapazitätssteigerung im Knoten Hamburg Hbf;Hamburg Hbf: neues Gleis 15 als Stumpfgleis;Knoten Hamburg (Gleis 15);24,9;;;;;;;;;WAHR;;;;;;;;;;;;;;;;FALSCH;FALSCH;WAHR;;;Knoten Hamburg;mittelbar;2200/1250;;;;;ja;Knoten Hamburg; 
62;Deutschlandtakt ABS Hamburg Verbindungsbahn Verwendung für Fern- und Regionalverkehr;D-62;ABS Hamburg Verbindungsbahn Verwendung für Fern- und Regionalverkehr;Kapazitätssteigerung bzw. Engpassauflösung für den Fern-und Re- gionalverkehrzwischen Hamburg Hbf und Hamburg Altona Nord mit konsequenter Umsetzung des Halts Hamburg Dammtor;Hamburg-Altona- Hamburg Hbf: Umbau derS-Bahn-Strecke auf der Verbindungsbahn für Nutzung durch Fern- und Regionalverkehr;Hamburg Verbindungsbahn Verwendung für Fern- und Regionalverkehr;336;;WAHR;;;;;;;;;;;;;;;;;;;;;;;WAHR;WAHR;WAHR;;;Knoten Hamburg;unmittelbar;6100;;;;;ja;Knoten Hamburg; 
63;Deutschlandtakt ABS Hamburg Dammtor – Hamburg Altona;D-63;ABS Hamburg Dammtor – Hamburg Altona;Wechsel der Betriebsführung zwischen Linien- und Richtungsbetrieb auf der Verbindungsbahn Hamburg;Hamburg - Altona - Hamburg Hbf: Überwerfungsbauwerk zwischen Dammtor und Altona;Hamburg Dammtor – Hamburg Altona;246,2;;;;;;;;;;;;;;;;;;;;;;;;;WAHR;WAHR;WAHR;;;Knoten Hamburg;unmittelbar;6100;;;;;ja;Knoten Hamburg; 
64;Deutschlandtakt Knoten Wittenberge;D-64;Knoten Wittenberge;Aufwertung Knotenfunktion Wittenberge infolge von Verdichtung des SPFV und des RE Wismar- Berlin: 6 Züge gleichzeitig im Nullkno- ten, daher mehr Bahnsteigkapazitäterforderlich, zudem Verkürzung der Reisezeit für optimierte Knoteneinbindung in Wittenberge, Kapa- zitätssteigerung bzw. Engpassauflösung;"Wittenberge: zusätzliche Bahnsteigkante und Weichenverbindung; Optimierung LST fürgleichzeitige Ein- und Ausfahrten; Verkürzung Zugfolgezeiten v/n Berlin und Ludwigslust";Knoten Wittenberg;18,8;;;;;;;;;WAHR;;;;;;;;;;;;;;WAHR;;WAHR;WAHR;WAHR;;;Hamburg - Berlin;unmittelbar;6100;;;;;ja;Hamburg - Berlin;  
65;Deutschlandtakt ABS Neustadt – Berlin (Spandau);D-65;ABS Neustadt – Berlin (Spandau);Ausweitung der Kapazität aufgrund erweitertem Mengengerüst SPFV und SPNV fürüberholungsfreie, schnellere Trassierung des RE zur Knoteneinbindung in Wittenberge und besserer Zugverteilung zw. Nauen und Berlin-Spandau;drittes Gleis zw. Neustadt und Nauen (SPNV in der Mitte mit Bahn- steigen, SPFV außen ohne Bahnsteige) drittes und viertes Gleis zw. Nauen und Berlin-Spandau (Richtungs- betrieb, langsame Gleise mit Mittelbahnsteig innen);Neustadt – Berlin (Spandau);901,3;;WAHR;;;;WAHR;WAHR;;;;;;;;;;;;;;;;;;FALSCH;FALSCH;WAHR;;;Hamburg - Berlin;mittelbar;6100;;;;;ja;Hamburg - Berlin; 
66;Deutschlandtakt ABS Berlin Südkreuz – Ludwigsfelde;D-66;ABS Berlin Südkreuz – Ludwigsfelde;Ausweitung der Kapazität für überholungsfreie Trassierung des RE aufgrund erweitertes MengengerüstSPFV und SPNV, Dichtes SPFV-Fahrplangerüstauf der Anhalter Bahn, Ziel: Trassierung von drei überholungsfreien,schnelleren SPNV-Trassen zwischen Berlin und Jüterbog zur Knoteneinbindung, Engpassauflösung;viergleisiger Ausbau Berlin Südkreuz- Ludwigsfelde inkl. Einbin- dung in Berlin Südende;Berlin Südkreuz – Ludwigsfelde;687,5;;WAHR;;;;;WAHR;;;;;;;;;;;;;;;;;;WAHR;WAHR;WAHR;;;Berlin - Halle (Saale);unmittelbar;6132;;;;;ja;Basel - Mannheim - Frankfurt - Fulda - Erfurt - Berlin; 
67;Deutschlandtakt Knoten Jüterborg;D-67;Knoten Jüterborg;Kapazitätsausweitung aufgrund Mehrverkehr SPFV und SPNV, er- weiterter Knoten Jüterbog und Uberholungen durch SPFV-Züge;Reaktivierungen von Bahnsteig Gleis 5 in Jüterbog für Züge v/n Treuenbrietzen;Knoten Jüterborg;7,7;;;;;;;;;WAHR;;;;;;;;;;;;;;;;WAHR;WAHR;WAHR;;;Berlin - Halle (Saale);unmittelbar;6132;;;;;ja;Basel - Mannheim - Frankfurt - Fulda - Erfurt - Berlin; 
68;Deutschlandtakt ABS Linda – Holzdorf;D-68;ABS Linda – Holzdorf;Umsetzung Stundentakt Jüterbog - Falkenberg auf Wunsch des Lan- des unter Beachtung der Mengenausweitung SPFV zwischen Berlin und Jüterbog;Linda- Holzdorf: Begegnungsabschnitt(ohne Ausbau der Stationen) aufgrund angepasster Fahrlage als Folge der Streckenbelegung Ber- lin- Jüterbog;Linda – Holzdorf;39,4;;WAHR;;;WAHR;;;;;WAHR;;;;;;;;;;;;;;;FALSCH;FALSCH;WAHR;;;Jüterborg - Falkenberg;mittelbar;6133;;;;;ja;Maßnahmen Ost; 
69;Deutschlandtakt Knoten Berlin Hbf (tief);D-69;Knoten Berlin Hbf (tief);Kapazitätssteigerung im hochbelasteten Abschnitt durch Optimie- rung LST, so dass die Durchrutschwege nicht in andere Fahrstraßen reichen;Berlin Hbf (Nord-Süd-Tunnel): Einbau der Optionsweichen zur Herstellung weiterer Fahrstraßen;Berlin Hbf (tief);27,2;;;;;;;;;;;;;;;;;;;;;;;WAHR;;WAHR;WAHR;WAHR;;;Knoten Berlin;unmittelbar;3134/6171;;;;;ja;Knoten Berlin; 
70;Deutschlandtakt Abzw. Salchow;D-70;Abzw. Salchow;Kapazitätssteigerung im hochbelasteten Abschnitt westliche Zufahrt zum Flughafen BER;Abzweig Salchow: Überwertung zur niveaufreien Fahrmöglichkeit von Berlin Flughafen BERauf den Außenring;Abzw. Salchow;245,4;;;;;;;;;;;;;;;;WAHR;;;;;;;;;FALSCH;FALSCH;WAHR;;;Berlin - Dresden;mittelbar;6151/6317;;;;;ja;Knoten Berlin; 
71;Deutschlandtakt Knoten Berlin-Spandau (Westkopf);D-71;Knoten Berlin-Spandau (Westkopf);Kapazitätssteigerung Berlin-Spandau im hochbelasteten Abschnitt, damit parallele Einfahrten/Ausfahrten von/nach verschiedenen Glei- sen möglich sind, streckenreine Linienführung;Umbau Westkopf Berlin-Spandau zurviergleisigen Einbindung der Hamburger Bahn, Zweigleisiger Ausbau der Strecke 6179 zwischen Nennhauser Damm und Berlin-Spandau, zusätzlicher Bahnsteig mit zwei Bahnsteigkanten an der Güterstrecke bzw. den beiden südlichen Gleisen;Knoten Berlin-Spandau (Westkopf);153,3;;;;;WAHR;;WAHR;;WAHR;;;;;;;;;;;;;;;;WAHR;WAHR;WAHR;;;Knoten Berlin;unmittelbar;6179/6100/6185;;;;;ja;Knoten Berlin; 
72;Deutschlandtakt Knoten Hagenow Land;D-72;Knoten Hagenow Land;Kapazitätssteigerung bzw. Engpassauflösung im hochbelasteten Ab- schnitt, damit parallele Fahrten Hamburg -Schwerin bei gleichzeiti- ger erforderlicher Knoteneinbindung in Hamburg, Schwerin und Rostock möglich sind, Veränderte Fernverkehrslagen SOV)!ierung eines stündlich vertakteten SPNV ohne zusätzliche Uberholun- gen durch den SPFV Realisie-;durchgehende Zweigleisigkeit im Bahnhof Hagenow Land für die Relation Hamburg-Schwerin;Knoten Hagenow Land;10;;;;;WAHR;;;;;;;;;;;;;;;;;;WAHR;;WAHR;WAHR;WAHR;;;Berlin - Hamburg;unmittelbar;6100;;;;;ja;Berlin - Hamburg; 
73;Deutschlandtakt ABS Knoten Rövershagen;D-73;ABS Knoten Rövershagen;Stundentakt RB Rostock - Graal-Müritz, veränderte SPFV-Lage auf Mischverkehrsstrecke, Kapazitätssteigerung bzw. Engpassauflösung;Umbau Rövershagen zum Kreuzungsbahnhofv/n Graal-Müritz, inkl. Beseitigung des höhengleichen Bahnsteigzugangs;Knoten Rövershagen;11,1;;;;;;;;;;WAHR;;;;;;;;;;WAHR;;;;;FALSCH;FALSCH;WAHR;;;Rostock - Stralsund;mittelbar;6322;;;;;ja;Maßnahmen Ost; 
74;Deutschlandtakt Knoten Neustrelitz;D-74;Knoten Neustrelitz;Kapazitätsausweitung Neustrelitz aufgrund Knotenbildung zum Null- knoten Neustrelitz und geänderter Fahrlage SPFV;Neustrelitz: Bau einer zusätzlichen, beidseitig angebundenen Bahn- steigkante;Knoten Neustrelitz;7,7;;;;;;;;;WAHR;;;;;;;;;;;;;;;;FALSCH;FALSCH;WAHR;;;Knoten Neustrelitz;mittelbar;6325;;;;;ja;Maßnahmen Ost; 
75;Deutschlandtakt ABS Ingolstadt – Petershausen;D-75;ABS Ingolstadt – Petershausen;Kapazitätssteigerung bzw. Engpassauflösung unter Wahrung der Knotenzeiten des SPFV und SPNV sowie Mehrverkehr im SPFV;Ingolstadt- Petershausen: Ergänzung um ein drittes und viertes Gleis;Ingolstadt – Petershausen;973,1;;WAHR;;;;WAHR;WAHR;;;;;;;;;;;;;;;;;;WAHR;WAHR;WAHR;;;Ingolstadt - München;unmittelbar;5501;;;;;ja;Frankfurt - Aschaffenburg - Würzburg - Nürnberg; 
76;Deutschlandtakt Knoten Tannheim;D-76;Knoten Tannheim;Kapazitätsausweitung aufgrund SGV-Prognose;Ein Gleis für SGV zusätzlich zu SPV-Planungen (Verlängerung Uberholgleis Bf Tannheim);Knoten Tannheim;9,6;;;;;;;;;;;;WAHR;1;;;;;;;;;;;;WAHR;WAHR;WAHR;;;Lindau - München;unmittelbar;4570;;;;;ja;Maßnahmen Bayern; 
77;Deutschlandtakt Knoten Würzburg (Rangierbahnhof);D-77;Knoten Würzburg (Rangierbahnhof);Kapazitätsausweitung aufgrund SGV-Prognose;Veitshöchheim -Würzburg Rbf: mittiges Puffergleis für den Güterverkehr (EinfahrtWürzburg Rbf);Knoten Würzburg Rbf;18,2;;WAHR;;;;WAHR;;;;;;WAHR;;;;;;;;;;;;;WAHR;WAHR;WAHR;;;Würzburg - Aschaffenburg;unmittelbar;5200;;;;;ja;Frankfurt - Aschaffenburg - Würzburg - Nürnberg; 
78;Deutschlandtakt NBS Ulm – Augsburg;D-78;NBS Ulm – Augsburg;Zielfahrzeit Augsburg - Ulm (nonstop) von 26 Minuten zur Knoten- einbindung, Kapazitätsausweitung für Mehrverkehr;Aus-/Neubaustrecke Neu-Ulm -Augsburg inkl. Anbindung von Günzburg;Ulm – Augsburg;2038,3;WAHR;WAHR;;;;;;;;;;;;;;;;;;;;;;;WAHR;WAHR;WAHR;;;Augsburg - Ulm;unmittelbar;5302;BY;;;;ja;Mannheim - Stuttgart - Augsburg - München; 
79;Deutschlandtakt Knoten Blindheim;D-79;Knoten Blindheim;Kapazitätsausweitung aufgrund SGV-Prognose;Blindheim: drittes Gleis;Knoten Blindheim;13;;WAHR;;;;WAHR;;;;;;;;;;;;;;;;;;;WAHR;WAHR;WAHR;;;Ingolstadt - Günburg - Donauwörth;unmittelbar;5381;BY;;;;ja;Maßnahmen Bayern; 
80;Deutschlandtakt Knoten Weichering;D-80;Knoten Weichering;Kapazitätsausweitung aufgrund SGV-Prognose, Anschlüsse in den;Weichering: Nutzbarmachung und Anpassung des 3. Gleises für den SGV (Nutzlänge und LST);Knoten Weichering;15,5;;;;;;;;;WAHR;;;;;;;;;;;;;;;;WAHR;WAHR;WAHR;;;Ingolstadt - Günburg - Donauwörth;unmittelbar;5381;BY;;;;ja;Maßnahmen Bayern; 
81;Deutschlandtakt Knoten Rohrenfeld;D-81;Knoten Rohrenfeld;Kapazitätsausweitung aufgrund SGV-Prognose, Anschlüsse in den Knoten Ingolstadt und Donauwörth;Rohrenfeld: Drittes Gleis für den Güterverekhr;Knoten Rohrenfeld;13;;;;;;WAHR;;;;;;;;;;;;;;;;;;;WAHR;WAHR;WAHR;;;Ingolstadt - Günburg - Donauwörth;unmittelbar;5381;BY;;;;ja;Maßnahmen Bayern; 
82;Deutschlandtakt Tahldorf – Weltenburg;D-82;Tahldorf – Weltenburg;Kapazitätsausweitung aufgrund SGV-Prognose, Anschlüsse in den Knoten Ingolstadt und Donauwörth;Tahldorf - Weltenburg: Neuer Kreuzungsbahnhof für Güterzugkreuzung;Tahldorf – Weltenburg;12,9;;;;;;;;;;WAHR;;;;;;;;;;;;;;;WAHR;WAHR;WAHR;;;Regensburg - Ingols;unmittelbar;5851;BY;;;;ja;Maßnahmen Bayern; 
83;Deutschlandtakt Freising – Regensburg;D-83;Freising – Regensburg;Zielfahrzeit Freising - Regensburg von 76 Minuten für den Fernverkehr mit einem Zwischenhalt zur Anschlussherstellung Fahrzeitverkürzung München - Prag und optimaler Knoteneinbindung der Züge in den Knoten in Bayern und Tschechien;Erhöhung der Streckengeschwindigkeit auf 160 km/h;Freising – Regensburg;587,4;;;;;;;;;;;;;;;;;;WAHR;160;;;;;;WAHR;WAHR;WAHR;;;München - Landshut - Regensburg;unmittelbar;5500;;;;;ja;Maßnahmen Bayern; 
84;Deutschlandtakt ABS Neufahrn Nord – Freising;D-84;ABS Neufahrn Nord – Freising;Mischverkehrsstrecke, Kapazitätsausweitung aufgrund Leistungsausweitung SPNV;Neufahrn Nord - Freising: viergleisiger Ausbau;Neufahrn Nord – Freising;283,8;;WAHR;;;;;WAHR;;;;;;;;;;;;;;;;;;FALSCH;FALSCH;WAHR;;;München - Landshut - Regensburg;mittelbar;5500;;;;;ja;Maßnahmen Bayern; 
85;Deutschlandtakt ABS Neufahrn Nord – Freising (Einbindung viergleisiger Ausbau);D-85;ABS Neufahrn Nord – Freising (Einbindung viergleisiger Ausbau);Mischverkehrsstrecke, Kapazitätsausweitung aufgrund Leistungsausweitung SPNV;Neufahrn Nord - Freising: Einbindung viergleisiger Ausbau zur flexiblen Nutzung;Neufahrn Nord – Freising (Einbindung viergleisiger Ausbau);54,4;;WAHR;;;;;WAHR;;;;;;;;;;;;;;;;;;FALSCH;FALSCH;WAHR;;;München - Landshut - Regensburg;mittelbar;5500;;;;;ja;Maßnahmen Bayern; 
86;Deutschlandtakt ABS Dachau – München;D-86;ABS Dachau – München;Mischverkehrsstrecke, Kapazitätsausweitung aufgrund leistungsausweitung SPNV;drittes Gleis Dachau - München an SPFV-Gleisen;Dachau – München;454,1;;WAHR;;;;WAHR;;;;;;;;;;;;;;;;;;;FALSCH;FALSCH;WAHR;;;Ingolstadt - München;mittelbar;5501;;;;;ja;Frankfurt - Aschaffenburg - Würzburg - Nürnberg; 
87;Deutschlandtakt Knoten Petershausen;D-87;Knoten Petershausen;Kapazitätsausweitung aufgrund SGV-Prognose;Petershausen: je ein seitenrichtiges Überholgleis für den Güterverkehr;Knoten Petershausen;42,4;;;;;;;;;;;;WAHR;2;;;;;;;;;;;;WAHR;WAHR;WAHR;;;Ingolstadt - München;unmittelbar;5501;;;;;ja;Frankfurt - Aschaffenburg - Würzburg - Nürnberg; 
88;Deutschlandtakt Malching – Maisach;D-88;Malching – Maisach;Mischverkehrsstrecke, Kapazitätsausweitung aufgrund SGV-Prog- nose und MehrverkehrSPFV;Augsburg Hbf- München: Überholgleise in beide Richtungen für SGV zwischen Malching und Maisach;Malching – Maisach;73,3;;;;;;;;;;;;WAHR;2;;;;;;;;;;;;WAHR;WAHR;WAHR;;;Augsburg - München;unmittelbar;5581;;;;;ja;Mannheim - Stuttgart - Augsburg - München; 
89;Deutschlandtakt Knoten München-Pasing;D-89;Knoten München-Pasing;Kapazitätssteigerung im Bereich München-Pasing;Augsburg Hbf- München: zusätzliche Bahnsteigkante in München- Pasing auf der Nordseite;Knoten München-Pasing;54,3;;;;;;;;;WAHR;;;;;;;;;;;;;;;;FALSCH;FALSCH;WAHR;;;Knoten München;mittelbar;5503;;;;;ja;Knoten München; 
90;Deutschlandtakt Knoten Ergolding;D-90;Knoten Ergolding;Kapazitätsausweitung aufgrund SGV-Prognose;neuer Bahnhof Ergolding mit zwei zusätzlichen Gleisen für SGV;Knoten Ergolding;31,9;;;;;;;;;WAHR;;;;;;;;;;;;;;;;WAHR;WAHR;WAHR;;;Landshut - Plattling;unmittelbar;5634;BY;;;;ja;Maßnahmen Bayern; 
91;Deutschlandtakt ABS Niederaichbach (KKW Isar);D-91;ABS Niederaichbach (KKW Isar);Kapazitätsausweitung aufgrund SGV-Prognose;Niederaichbach KKWIsar: Zwei Gleise für den SGV für Begegnung/Überholung von Güterzügen;Niederaichbach (KKW Isar);29,2;;WAHR;;;TURE;;;;;;;;;;;;;;;;;;;;WAHR;WAHR;WAHR;;;Landshut - Plattling;unmittelbar;5634;BY;;;;ja;Maßnahmen Bayern; 
92;Deutschlandtakt ABS Altenschwand – Bodenwöhr Nord;D-92;ABS Altenschwand – Bodenwöhr Nord;Fahrzeitverkürzung München - Prag zur besseren Knoteneinbindung der Züge in die Knoten in Bayern und Tschechien und Kapazitätssteigerung bzw. Engpassauflösung;zweigleisiger Ausbau Altenschwand - Bodenwöhr Nord;Altenschwand – Bodenwöhr Nord;43;;WAHR;;;;;;;;;;;;;;;;;;;;;;;WAHR;WAHR;WAHR;;;Schwandorf - Furth im Wald;unmittelbar;5800;BY;;;;ja;Maßnahmen Bayern; 
93;Deutschlandtakt ABS Charm – Charm Schwedenschanze;D-93;ABS Charm – Charm Schwedenschanze;Fahrzeitkürzung München - Prag zur besseren Knoteneinbindung der Züge in die Knoten in Bayern und Tschechien und Kapazitäts- steigerung bzw. Engpassauflösung;zweigleisiger Ausbau Charm - Charm Schwedenschanze;Charm – Charm Schwedenschanze;67,6;;WAHR;;;;;;;;;;;;;;;;;;;;;;;WAHR;WAHR;WAHR;;;Schwandorf - Furth im Wald;unmittelbar;5800;BY;;;;ja;Maßnahmen Bayern; 
94;Deutschlandtakt ABS Wieding – Arnschwang;D-94;ABS Wieding – Arnschwang;Fahrzeitkürzung München - Prag zur besseren Knoteneinbindung der Züge in die Knoten in Bayern und Tschechien und Kapazitäts- steigerung bzw. Engpassauflösung;zweigleisiger Ausbau Wieding - Arnschwang;Wieding – Arnschwang;28,1;;WAHR;;;;;;;;;;;;;;;;;;;;;;;WAHR;WAHR;WAHR;;;Schwandorf - Furth im Wald;unmittelbar;5800;BY;;;;ja;Maßnahmen Bayern; 
95;Deutschlandtakt Knoten Plattling;D-95;Knoten Plattling;Kapazitätsausweitung bzw. Engpassauflösung für SGV und SPNV;Plattling: Mittiges Wendegleis für SPV durch Gleisverschwenkung;Knoten Plattling;5,8;;;;;;;;;;;;;;;;;;;;;;;;;WAHR;WAHR;WAHR;;;Nürnberg - Regensburg - Passau;unmittelbar;5830;;;;;ja;Maßnahmen Bayern; 
96;Deutschlandtakt ABS Knoten Straßkirchen;D-96;ABS Knoten Straßkirchen;Kapazitätsausweitung aufgrund SGV-Prognose;Straßkirchen: mittiges Überholgleis;Knoten Straßkirchen;15,6;;WAHR;;;;;;;;;;;;;;;;;;;;;;;WAHR;WAHR;WAHR;;;Nürnberg - Regensburg - Passau;unmittelbar;5830;;;;;ja;Maßnahmen Bayern; 
97;Deutschlandtakt ABS Knoten Beratzhausen;D-97;ABS Knoten Beratzhausen;Kapazitätsausweitung aufgrund SGV-Prognose;Beratzhausen: mittiges Überholgleis;Knoten Beratzhausen;21,1;;WAHR;;;;;;;;;;;;;;;;;;;;;;;WAHR;WAHR;WAHR;;;Nürnberg - Regensburg - Passau;unmittelbar;5850;;;;;ja;Maßnahmen Bayern; 
98;Deutschlandtakt ABS Knoten Undorf;D-98;ABS Knoten Undorf;Kapazitätsausweitung aufgrund SGV-Prognose;Undorf: mittiges Überholgleis;Knoten Undorf;15;;WAHR;;;;;;;;;;;;;;;;;;;;;;;WAHR;WAHR;WAHR;;;Nürnberg - Regensburg - Passau;unmittelbar;5850;;;;;ja;Maßnahmen Bayern; 
99;Deutschlandtakt ABS Vohburg – Münchsmünster;D-99;ABS Vohburg – Münchsmünster;Herstellung der Anschlüsse im Knoten Ingolstadt, Kapazitätssteige-rung bzw. Engpassauflösung;Vohburg – Münchsmünster: zweigleisiger Abschnitt;Vohburg – Münchsmünster;44,6;;WAHR;;;;;;;;;;;;;;;;;;;;;;;FALSCH;FALSCH;WAHR;;;Regensburg - Ingolstadt;mittelbar;5851;BY;;;;ja;Maßnahmen Bayern; 
100;Deutschlandtakt ABS Würzburg – Rottendorf;D-100;ABS Würzburg – Rottendorf;Kapazitätsausweitung aufgrund SGV-Prognose und Mehrung SPFV;Würzburg Hbf – Rottendorf: Ausbau durch viertes Gleis Überwerfung von Streckengleis aus Fürth auf Streckengleis aus Schweinfurt sowie 5 zusätzliche Weichenverbindungen Würzburg Hbf (z.T. mit Weichenrückbau und Verschiebung von Bahnsteigen zur Gewährleistung der Längenentwicklung);Würzburg – Rottendorf;264;;WAHR;;;;;WAHR;;;;;;;;;;;;;;;;WAHR;;FALSCH;FALSCH;WAHR;;;Würzburg - Nürnberg;mittelbar;5910;;;;;ja;Frankfurt - Aschaffenburg - Würzburg - Nürnberg; 
101;Deutschlandtakt ABS Regensburg – Obertraubling;D-101;ABS Regensburg – Obertraubling;Kapazitätsausweitung aufgrund SGV-Prognose und Mehrung SPFV;viergleisiger Ausbau Regensburg – Obertraubling inkl. Überwer-fungsbauwerk in Obertraubling;Regensburg – Obertraubling;467,3;;WAHR;;;;;WAHR;;;;;;;;;;;;;;;;;;WAHR;WAHR;WAHR;;;München - Landshut - Regensburg;unmittelbar;5500;;;;;ja;Maßnahmen Bayern; 
102;Deutschlandtakt ABS Knoten München-Riem;D-102;ABS Knoten München-Riem;Kapazitätsausweitung und neue Fahrlage SPFV München - Mühldorf - Salzburg in den Knoten München;"Umbau München-Riem mit Truderinger Spange und Daglfinger Kurve; optionale Durchbindetrasse zusätzlich erforderlich (Weiche 530 bis 528); Ersatzbauwerk (Überwerfung im Bereich München Ost Rbf) zur Entflechtung S-Bahn und übrigem Verkehr";Knoten München-Riem;199,1;;WAHR;;;;;;;;;;;;;;WAHR;;;;;;;WAHR;;WAHR;WAHR;WAHR;;;München - Mühldorf;unmittelbar;5600;;;;;ja;Knoten München; 
103;Deutschlandtakt Knoten München (Gleisvorfeld);D-103;Knoten München (Gleisvorfeld);Maßnahmenliste Halbstundentakt DB Netz AG 2026 (Etappierungs-maßnahme) Kapazitätsausweitung aufgrund Leistungsausweitung SPNV und SPFV;Optimierung Gleisvorfeld München Hbf: - Umbau Kreuzung IV in EKW (Gleis 11) - zus. Weichenverbindung Hbf – Starnberger Flügelbahnhof - Versetzung Lichtsperrsignal 216 (Gleis 15) in Richtung Weichen-grenzzeichen;Knoten München (Gleisvorfeld);5,5;;;;;;;;;;;;;;;WAHR;;;;;;;;WAHR;;WAHR;WAHR;WAHR;;;Knoten München;unmittelbar;mehrere;;;;;ja;Knoten München; 
104;Deutschlandtakt Augsburg – Oberhausen;D-104;Augsburg – Oberhausen;Maßnahmenliste Halbstundentakt DB Netz AG 2026 (Etappierungs-maßnahme): Veränderte Fahrlagen SPFV;Augsburg-Oberhausen: Ertüchtigung von Gleis 170 zum Hauptgleis zur Durchführung von Zugfahrten;Augsburg – Oberhausen;8,1;;;;;;;;;;;;;;;;;;;;;;;WAHR;;WAHR;WAHR;WAHR;;;Donauwörth - Augsburg;unmittelbar;5300, 5305;;;;;ja;Mannheim - Stuttgart - Augsburg - München; 
105;Deutschlandtakt Nersingen;D-105;Nersingen;Maßnahmenliste Halbstundentakt DB Netz AG 2026: Veränderte Fahrlagen SPFV (Etappierungsmaßnahme);Beseitigung höhengleicher Bahnsteigzugang Nersingen;Nersingen;3,1;;;;;;;;;;;;;;;;;;;;;;;;WAHR;WAHR;WAHR;WAHR;;;Augsburg - Ulm;unmittelbar;5302;;;;;ja;Mannheim - Stuttgart - Augsburg - München; 
106;Deutschlandtakt NBS Fürth-Bislohe – Nürnberg Hbf;D-106;NBS Fürth-Bislohe – Nürnberg Hbf;Kapazitätsausweitung und direkte Einführung der SPFV-Züge aus Würzburg und Erfurt nach Nürnberg Hbf, Fahrzeitkürzung für bes-sere Knoteneinbindung in Nürnberg;Fürth-Bislohe – Nürnberg Hbf: zusätzlicher Tunnel für SPFV;Fürth-Bislohe – Nürnberg Hbf;864,3;WAHR;;;;;;;;;;;;;;;;WAHR;;;;;;;;WAHR;WAHR;WAHR;;;Würzburg - Nürnberg;unmittelbar;neu;;;;;ja;Frankfurt - Aschaffenburg - Würzburg - Nürnberg; 
107;Deutschlandtakt ABS Mühldorf – Grenze D/A (Braunau);D-107;ABS Mühldorf – Grenze D/A (Braunau);Mehrverkehr SPFV München – Linz – Wien über die Strecke Brau-nau – Simbach;Elektrifizierung der Strecke Mühldorf – Grenze D/A (Braunau);Mühldorf – Grenze D/A (Braunau);136,4;;WAHR;WAHR;;;;;;;;;;;;;;;;;;;;;;WAHR;WAHR;WAHR;;;Mühldorf - Braunau;unmittelbar;5600;BY;;;;ja;Maßnahmen Bayern; 
108;Deutschlandtakt Bahnhof Julbach;D-108;Bahnhof Julbach;Ausweitung SPFV;neuer Kreuzungsbahnhof Julbach;Bahnhof Julbach;15,6;;;;;;;;;;WAHR;;;;;;;;;;;;;;;WAHR;WAHR;WAHR;;;Mühldorf - Braunau;unmittelbar;5600;BY;;;;ja;Maßnahmen Bayern; 
109;Deutschlandtakt Knoten Celle;D-109;Knoten Celle;Kapazitätsausweitung aufgrund SGV-Prognose;Herstellung paralleler Fahrmöglichkeiten in Celle für die S-Bahn Richtung Lehrte und den SGV Richtung Hamburg;Knoten Celle;3,9;;;;;;;;;;;;;;;;;;;;;;;;;WAHR;WAHR;WAHR;;;Hannover - Hamburg;unmittelbar;1720;;;;;ja;Bremen - Hamburg - Hannover; 
110;Deutschlandtakt Bahnhof Adendorf;D-110;Bahnhof Adendorf;Kapazitätssteigerung bzw. Engpassauflösung zwischen Büchen und Lüneburg für den SGV;Ausbau Adendorf zum verkehrlichen Kreuzungsbahnhof ergänzend zum Ausbau für den SPNV, Bau eines dritten Gleises und Herstel-lung von 740 m Nutzlänge in mindestens zwei der Bahnhofsgleise;Bahnhof Adendorf;36,7;;;;;;;;;;WAHR;;WAHR;;;;;;;;;;;;;WAHR;WAHR;WAHR;;;Büchen - Lüneburg;unmittelbar;1150;;;;;ja;Maßnahmen Ost; 
111;Deutschlandtakt Bahnhof Lübeck-Hochschulstadtteil;D-111;Bahnhof Lübeck-Hochschulstadtteil;Kapazitätsausweitung aufgrund SGV-Prognose;ergänzend zum Ausbau für den SPNV: Bau eines dritten Gleises und Herstellung von 740 m Nutzlänge in Lübeck-Hochschulstadtteil in mindestens einem der Bahnhofsgleise;Bahnhof Lübeck-Hochschulstadtteil;29,4;;;;;;WAHR;;;;;;;;;;;;;;;;;;;WAHR;WAHR;WAHR;;;Lübeck - Büchen;unmittelbar;1121;;;;;ja;Maßnahmen NRW/Niedersachsen/SH; 
112;Deutschlandtakt Bahnhof Ratzeburg;D-112;Bahnhof Ratzeburg;Kapazitätsausweitung aufgrund SGV-Prognose;Ratzeburg: Herstellung von 740 m Nutzlänge in den Bahnhofsglei-sen;Bahnhof Ratzeburg;6,1;;;;;;;;;;;;;;;;;;;;;;;;;WAHR;WAHR;WAHR;;;Lübeck - Büchen;unmittelbar;1121;;;;;ja;Maßnahmen NRW/Niedersachsen/SH;  
113;Deutschlandtakt Bahnhof Lauenburg;D-113;Bahnhof Lauenburg;Kapazitätsausweitung aufgrund SGV-Prognose;Lauenburg: Bau eines dritten Gleises mit 740 m Nutzlänge zur Kreu-zung / Überholung von Güterzügen;Bahnhof Lauenburg;12,2;;;;;;WAHR;;;;;;;;;;;;;;;;;;;WAHR;WAHR;WAHR;;;Lübeck - Büchen;unmittelbar;1150;;;;;ja;Maßnahmen NRW/Niedersachsen/SH; 
114;Deutschlandtakt ABS Mölln – Güster;D-114;ABS Mölln – Güster;Kapazitätsausweitung aufgrund SGV-Prognose;zweigleisiger Ausbau Mölln – Güster;Mölln – Güster;91,3;;WAHR;;;;;;;;;;;;;;;;;;;;;;;WAHR;WAHR;WAHR;;;Lübeck - Büchen;unmittelbar;1121;;;;;ja;Maßnahmen NRW/Niedersachsen/SH; 
115;Deutschlandtakt Buchholz;D-115;Buchholz;Kapazitätsausweitung aufgrund SGV-Prognose;Buchholz (Nordheide): Überwerfung zur niveaufreien Führung der Züge von Maschen Richtung Rotenburg;Buchholz;134,9;;;;;;;;;;;;;;;;WAHR;;;;;;;;;WAHR;WAHR;WAHR;;;Knoten Hamburg;unmittelbar;1280/2200;;;;;ja;Knoten Hamburg; 
116;Deutschlandtakt ABS Frielinigen – Stadt Visselhövede Awanst;D-116;ABS Frielinigen – Stadt Visselhövede Awanst;Kapazitätsausweitung aufgrund SGV-Prognose;zweigleisiger Ausbau Frielingen – Stadt Visselhövede Awanst;Frielinigen – Stadt Visselhövede Awanst;49;;WAHR;;;;;;;;;;;;;;;;;;;;;;;WAHR;WAHR;WAHR;;;Uelzen - Bremen;unmittelbar;1960;;;;;ja;Bremen - Hamburg - Hannover; 
117;Deutschlandtakt Bahnhof Brockhöfe;D-117;Bahnhof Brockhöfe;Kapazitätsausweitung aufgrund SGV-Prognose;Brockhöfe Awanst: Ausbau zum Kreuzungsbahnhof für Güterverkehr inkl. Gleis für SPNV;Bahnhof Brockhöfe;16,8;;;;;;;;;;WAHR;;;;;;;;;;;;;;;WAHR;WAHR;WAHR;;;Uelzen - Bremen;unmittelbar;1960;;;;;ja;Bremen - Hamburg - Hannover; 
118;Deutschlandtakt Bahnhof Harber;D-118;Bahnhof Harber;Kapazitätsausweitung aufgrund SGV-Prognose;Harber Awanst: Ausbau zum Kreuzungsbahnhof für Güterverkehr;Bahnhof Harber;13;;;;;;;;;;WAHR;;;;;;;;;;;;;;;WAHR;WAHR;WAHR;;;Uelzen - Bremen;unmittelbar;1960;;;;;ja;Bremen - Hamburg - Hannover; 
119;Deutschlandtakt Bahnhof Kirchlinteln;D-119;Bahnhof Kirchlinteln;Kapazitätsausweitung aufgrund SGV-Prognose;Kirchlinteln: Ausbau zum Kreuzungsbahnhof für Güterverkehr;Bahnhof Kirchlinteln;14,9;;;;;;;;;;WAHR;;;;;;;;;;;;;;;WAHR;WAHR;WAHR;;;Uelzen - Bremen;unmittelbar;1960;;;;;ja;Bremen - Hamburg - Hannover; 
120;Deutschlandtakt Bahnhof Visselhövede;D-120;Bahnhof Visselhövede;Kapazitätsausweitung aufgrund SGV-Prognose;Ausbau Visselhövede zum Kreuzungsbahnhof für Güterverkehr;Bahnhof Visselhövede;16,7;;;;;;;;;;WAHR;;;;;;;;;;;;;;;WAHR;WAHR;WAHR;;;Uelzen - Bremen;unmittelbar;1960;;;;;ja;Bremen - Hamburg - Hannover; 
121;Deutschlandtakt Bahnhof Oebsifelde;D-121;Bahnhof Oebsifelde;Kapazitätsausweitung aufgrund SGV-Prognose;Überholgleis in Oebisfelde für den Güterverkehr für Ost-West-Rich-tung;Bahnhof Oebsifelde;12,3;;;;;;;;;;;;WAHR;;;;;;;;;;;;;WAHR;WAHR;WAHR;;;Wolfsburg - Stendal - Berlin;unmittelbar;6185;;;;;ja;NRW - Hannover - Berlin; 
122;Deutschlandtakt ABS Bahnhof Leipzig-Wahren;D-122;ABS Bahnhof Leipzig-Wahren;Kapazitätsausweitung aufgrund SGV-Prognose;zweigleisige Einfädelung in Leipzig-Wahren;Bahnhof Leipzig-Wahren;7,2;;WAHR;;;WAHR;;;;;;;;;;;;;;;;;;;;WAHR;WAHR;WAHR;;;Knoten Leipzig;unmittelbar;6403;;;;;ja;Knoten Leipzig; 
123;Deutschlandtakt Bahnhof Ludwigslust (Nordkopf);D-123;Bahnhof Ludwigslust (Nordkopf);Kapazitätsausweitung aufgrund SGV-Prognose;zusätzliche Weichenverbindung im Nordkopf von Ludwigslust;Bahnhof Ludwigslust (Nordkopf);3,1;;;;;;;;;;;;;;;;;;;;;;;WAHR;;WAHR;WAHR;WAHR;;;Hamburg - Berlin;unmittelbar;6100;;;;;ja;Knoten Berlin; 
124;Deutschlandtakt Bahnhof Groß Gleidingne;D-124;Bahnhof Groß Gleidingne;Kapazitätsausweitung aufgrund Ausweitung Mengengerüst SGV und SPV, Entflechtung der Verkehre;Überwerfung Groß Gleidingen von Beddingen in Richtung Lehrte im Ostkopf;Bahnhof Groß Gleidingne;44,7;;;;;;;;;;;;;;;;WAHR;;;;;;;;;WAHR;WAHR;WAHR;;;Hannover Lehrte - Braunschweig;unmittelbar;1730/1772/1992;;;;;ja;Maßnahmen NRW/Niedersachsen/SH; 
125;Deutschlandtakt Abzw. Utbremen;D-125;Abzw. Utbremen;Kapazitätsausweitung aufgrund SGV-Prognose, Ermöglichen des Einfädelns von Zügen der Relation Bremen Rbf - Maschen;Bau eines mittigen Puffergleises hinter dem Abzw. Utbremen;Abzw. Utbremen;41,3;;;;;;;;;;;;WAHR;;;;;;;;;;;;;WAHR;WAHR;WAHR;;;Wanne-Eickel - Hamburg;unmittelbar;2200;;;;;ja;Bremen - Hamburg - Hannover; 
126;Deutschlandtakt Bahnhof Stickhausen–Velde;D-126;Bahnhof Stickhausen–Velde;Kapazitätsausweitung aufgrund SGV-Prognose;Stickhausen-Velde: drittes Gleis für Eigenkreuzung GV bei gleichzei-tig passierendem SPV;Bahnhof Stickhausen–Velde;16,7;;;;;;WAHR;;;;;;;;;;;;;;;;;;;WAHR;WAHR;WAHR;;;Oldenburg - Leer;unmittelbar;1520;;;;;ja;Maßnahmen NRW/Niedersachsen/SH; 
127;Deutschlandtakt ABS Bremen Hbf ehem Bwn – Bremen Hbf;D-127;ABS Bremen Hbf ehem Bwn – Bremen Hbf;Kapazitätsausweitung aufgrund SGV-Prognose, Herstellung paralle-ler Fahrmöglichkeiten für SGV in/aus Richtung Hude;zweigleisiger Ausbau der SGV-Kurve Bremen Hbf ehem. Bwn – Bremen Hbf;Bremen Hbf ehem Bwn – Bremen Hbf;10,4;;WAHR;;;;;;;;;;;;;;;;;;;;;;;WAHR;WAHR;WAHR;;;Bremen - Oldenburg;unmittelbar;1500;;;;;ja;Bremen - Hamburg - Hannover; 
128;Deutschlandtakt ABS Heidekultur – Wehdel;D-128;ABS Heidekultur – Wehdel;Kapazitätsausweitung aufgrund SGV-Prognose, Herstellung paralle-ler Fahrmöglichkeiten für SGV in/aus Richtung Hude;zweigleisiger Ausbau Heidekultur – Wehdel;Heidekultur – Wehdel;28,6;;WAHR;;;;;;;;;;;;;;;;;;;;;;;WAHR;WAHR;WAHR;;;Bremerhaven-Wulsdorf - Bremervörde - Verden (NE-Bahn EVB);unmittelbar;1300;;;;;ja;Bremen - Hamburg - Hannover; 
129;Deutschlandtakt Bahnhof Lietzow;D-129;Bahnhof Lietzow;zusätzlicher Systemhalt des SPFV in Lietzow zur Anschlussherstel-lung an den SPNV für die Region;Verlängerung der Bahnsteige Lietzow;Bahnhof Lietzow;15,5;;;;;;;;;WAHR;;;;;;;;;;;;;;;;WAHR;WAHR;WAHR;;;Stralsund - Sassnitz;unmittelbar;6321;;;;;ja;Maßnahmen Ost; 
130;Deutschlandtakt ABS Rügendamm – Lietzow;D-130;ABS Rügendamm – Lietzow;Fahrzeitverkürzung SPFV zur Knoteneinbindung in Stralsund und Binz;Geschwindigkeitsanhebung Rügendamm - Lietzow auf 100 km/h;Rügendamm – Lietzow;16,2;;WAHR;;;;;;;;;;;;;;;;WAHR;100;;;;;;WAHR;WAHR;WAHR;;;Stralsund - Sassnitz;unmittelbar;6321;;;;;ja;Maßnahmen Ost; 
131;Deutschlandtakt Bahnhofe Leese;D-131;Bahnhofe Leese;Kapazitätsausweitung aufgrund SGV-Prognose, Herstellung paralle-ler Fahrmöglichkeiten für SGV in/aus Richtung Hude;Ausbau Bahnhof Leese RWG zum Kreuzungsbahnhof;Bahnhofe Leese;14,7;;;;;;;;;;WAHR;;;;;;;;;;;;;;;WAHR;WAHR;WAHR;;;Nienburg - Minden;unmittelbar;1741;;;;;ja;Maßnahmen NRW/Niedersachsen/SH; 
132;Deutschlandtakt NBS Waffensen – Unterstedt;D-132;NBS Waffensen – Unterstedt;Kapazitätsausweitung aufgrund SGV-Prognose;Verbindungsspange Waffensen - Unterstedt;Waffensen – Unterstedt;18,2;WAHR;;;;;;;;;;;;;;;;;;;;;;;;WAHR;WAHR;WAHR;;;Bremerhaven-Wulsdorf - Bremervörde - Verden (NE-Bahn EVB);unmittelbar;1711/1745;;;;;ja;Bremen - Hamburg - Hannover; 
133;Deutschlandtakt Bahnhof Langwedel;D-133;Bahnhof Langwedel;Kapazitätsausweitung aufgrund SGV-Prognose und Mehrung SPV, möglichst vollständige Entflechtung aller Verkehre, um das gewünschte Mengengerüst zu realisieren;Langwedel: niveaufreie Anbindung der Strecke Langwedel - Uelzen;Bahnhof Langwedel;54,6;;;;;;;;;;;;;;;;WAHR;;;;;;;;;WAHR;WAHR;WAHR;;;Uelzen - Bremen;unmittelbar;1740/1960;;;;;ja;Bremen - Hamburg - Hannover; 
134;Deutschlandtakt Bahnhof Elsdorf;D-134;Bahnhof Elsdorf;Kapazitätsausweitung aufgrund SGV-Prognose;Ausbau Elsdorf zum Kreuzungsbahnhof mit 740 m Nutzlänge;Bahnhof Elsdorf;10,8;;;;;;;;;;WAHR;;;;;;;;;;;;;;;WAHR;WAHR;WAHR;;;Bremerhaven-Wulsdorf - Bremervörde - Verden (NE-Bahn EVB);unmittelbar;1711;;;;;ja;Bremen - Hamburg - Hannover; 
135;Deutschlandtakt Einfädelung Maschen auf Strecke Hamburg – Lüneburg;D-135;Einfädelung Maschen auf Strecke Hamburg – Lüneburg;Kapazitätsausweitung aufgrund SGV-Prognose;Maschen – Stelle – Ashausen: Umbau des Knotens, so dass 2 Züge parallel und niveaufrei sowohl in das außenliegende Gleis als auch in das innenliegende Gleis der Strecke Hamburg – Lüneburg ein-und ausfahren können;Einfädelung Maschen auf Strecke Hamburg – Lüneburg;155,1;;;;;;;;;;;;;;;;;;;;;;;WAHR;;WAHR;WAHR;WAHR;;;Knoten Hamburg;unmittelbar;1281/1284/1720;;;;;ja;Knoten Hamburg; 
136;Deutschlandtakt Bahnhof Seelze;D-136;Bahnhof Seelze;niveaufreie Fahrmöglichkeit der S-Bahnen Richtung Hannover zur Vermeidung von Konflikten mit restlichem SPV, Kapazitätssteigerung bzw. Engpassauflösung;Wunstorf - Hannover: Überwerfungsbauwerk Seelze;Bahnhof Seelze;165,3;;;;;;;;;;;;;;;;WAHR;;;;;;;;;FALSCH;FALSCH;WAHR;;;Hamm - Hannover;mittelbar;1700, 1705;;;;;ja;NRW - Hannover - Berlin; 
137;Deutschlandtakt Bahnhof Haste;D-137;Bahnhof Haste;zusätzliche Überholmöglichkeit für SPFV mit höherer Durchfahrtsgeschwindigkeit;zusätzlicher Bahnsteig Gleis 4 im Bahnhof Haste;Bahnhof Haste;2,2;;;;;;;;;WAHR;;;;;;;;;;;;;;;;WAHR;WAHR;WAHR;;;Hamm - Hannover;unmittelbar;1700;;;;;ja;NRW - Hannover - Berlin; 
138;Deutschlandtakt ABS Germersheim – Graben-Neudrf;D-138;ABS Germersheim – Graben-Neudrf;Kapazitätsausweitung aufgrund SGV-Prognose;zweigleisgier Ausbau Germersheim - Graben-Neudorf sowie Ertüchtigung Graben-Neudorf für SGV;Germersheim – Graben-Neudrf;324,5;;WAHR;;;;;;;;;;;;;;;;;;;;;;;WAHR;WAHR;WAHR;;;Bruchsal - Rheinsheim, Rheinsheim - Rohrbach;unmittelbar;4132/3450;;;;;ja;Basel - Mannheim - Frankfurt - Fulda - Erfurt - Berlin; 
139;Deutschlandtakt Abzw. Weiterstadt Stockschneise;D-139;Abzw. Weiterstadt Stockschneise;Kapazitätsausweitung aufgrund SGV-Prognose;niveaufreie Kreuzung der Strecken Mainz – Aschaffenburg und NBS Nordanbindung Darmstadt im Bereich Abzw. Weiterstadt Stockschneise;Abzw. Weiterstadt Stockschneise;65;;;;;;;;;;;;;;;;WAHR;;;;;;;;;WAHR;WAHR;WAHR;;;Mainz-Bischofsheim - Darmstadt Hbf;unmittelbar;3530/3657;;;;;ja;Maßnahmen Hessen/RLP; 
140;Deutschlandtakt ABS Groß-Gerau-Dornberg – Klein-Gerau Eichmühle;D-140;ABS Groß-Gerau-Dornberg – Klein-Gerau Eichmühle;Kapazitätsausweitung aufgrund SGV-Prognose;zweigleisiger Ausbau Groß-Gerau-Dornberg – Klein-Gerau Eich-mühle;Groß-Gerau-Dornberg – Klein-Gerau Eichmühle;10,2;;WAHR;;;;;;;;;;;;;;;;;;;;;;;FALSCH;FALSCH;WAHR;;;Groß-Gerau- Dornberg – Klein-Gerau Eichmühle;;3534;;;;;ja;Maßnahmen Hessen/RLP; 
141;Deutschlandtakt NBS Spange Hannover-Burg;D-141;NBS Spange Hannover-Burg;Herstellung einer attraktiven Fahrzeit zwischen Hamburg und NRW durch Verbinden der ABS/NBS Hamm – Bielefeld – Hannover und ABS/NBS Hannover – Hamburg;eingleisige Verbindungskurve Hannover-Burg von Strecke Bielefeld – Hannover (niveaugleiche Ausfädelung) zur Strecke Hannover – Hamburg (niveaufreie mittige Einbindung);Spange Hannover-Burg;209,1;WAHR;;;;;;;WAHR;;;;;;;;WAHR;;;;;;;;;WAHR;WAHR;WAHR;;;Knoten Hannover Verbindungskurve Hannover Burg;unmittelbar;1700/1710;;;;;ja;Knoten Hannover; 
142;Deutschlandtakt NBS Hannover-Vinnhorst – Maschen Pbf;D-142;NBS Hannover-Vinnhorst – Maschen Pbf;Kapazitätssteigerung des Korridors und zur Fahrzeitkürzung für den SPV Erreichung der Zielfahrzeit 59 Minuten (ohne Halt in Harburg) bzw. 63 Minuten (mit Halt in Harburg) Hamburg Hbf – Hannover Hbf zur Kapazitätssteigerung des Korridors und zur Fahrzeitkürzung für den SPFV, Anschlussherstellung;Hannover-Vinnhorst – Maschen Pbf: Bau einer Aus-/Neubaustrecke, Verlauf und Kilometrierung offen, Vmax mind. 250 – 300 km/h je nach Trassierung zur Erreichung der Zielfahrzeit 59 Minuten Hamburg Hbf – Hannover Hbf (ohne Halt in Harburg);Hannover-Vinnhorst – Maschen Pbf;3499,5;WAHR;WAHR;;;;;;;;;;;;;;;;;300;;;;;;WAHR;WAHR;WAHR;;;Hannover- Vinnhorst – Maschen Pbf;unmittelbar;neu;;;;;ja;Bremen - Hamburg - Hannover; 
143;Deutschlandtakt Bahnhof Dorfmark;D-143;Bahnhof Dorfmark;Kapazitätsausweitung aufgrund SGV-Prognose;Dorfmark: Bau eines Güterüberholbahnhofs;Bahnhof Dorfmark;17,71;;;;;;;;;;;;WAHR;;;;;;;;;;;;;WAHR;WAHR;WAHR;;;Hannover-Vinnhorst - Maschen Pbf;unmittelbar;neu;;;;;ja;Bremen - Hamburg - Hannover; 
144;Deutschlandtakt Bahnhof Bispingen;D-144;Bahnhof Bispingen;Kapazitätsausweitung aufgrund SGV-Prognose;Bispingen: Bau eines Güterüberholbahnhofs;Bahnhof Bispingen;17,9;;;;;;;;;;;;WAHR;;;;;;;;;;;;;WAHR;WAHR;WAHR;;;Hannover-Vinnhorst - Maschen Pbf;unmittelbar;neu;;;;;ja;Bremen - Hamburg - Hannover; 
145;Deutschlandtakt Bahnhof Sulzbach;D-145;Bahnhof Sulzbach;Maßnahmenliste Halbstundentakt DB Netz AG 2026: Steigerung Ka-pazität, Fahrplanoptimierung, Anschlusssicherung (Etappierungs-maßnahme);gleichzeitige Einfahrten Sulzbach;Bahnhof Sulzbach;12,9;;;;;;;;;;;;;;;;;;;;;;;WAHR;;FALSCH;FALSCH;WAHR;;;Stuttgart - Backnang - Nürnberg;mittelbar;4930;BW;;;;ja;Maßnahmen Raum Stuttgart (außer Korridor Mannheim - München); 
146;Deutschlandtakt Bahnhof Waiblingen;D-146;Bahnhof Waiblingen;Maßnahmenliste Halbstundentakt DB Netz AG 2026: Steigerung Ka-pazität, Fahrplanoptimierung, Anschlusssicherung (Etappierungs-maßnahme);Erhöhung der Einfahrgegschwindigkeit in Waiblingen aus Richtung Backnang auf 80 km/h;Bahnhof Waiblingen;2,9;;;;;;;;;;;;;;;;;;WAHR;80;;;;;;FALSCH;FALSCH;WAHR;;;Stuttgart - Backnang - Nürnberg;mittelbar;4930;BW;;;;ja;Maßnahmen Raum Stuttgart (außer Korridor Mannheim - München); 
147;Deutschlandtakt Bahnhof Stuttgart-Bad-Cannstatt;D-147;Bahnhof Stuttgart-Bad-Cannstatt;Maßnahmenliste Halbstundentakt DB Netz AG 2026: Steigerung Ka-pazität, Fahrplanoptimierung, Anschlusssicherung (Etappierungs-maßnahme);Stuttgart -Bad Cannstatt: Weichenverbindung für verbesserte Anbin-dung des Abstellbahnhofs;Bahnhof Stuttgart-Bad-Cannstatt;11;;;;;;;;;;;;;;;;;;;;;;;WAHR;;FALSCH;FALSCH;WAHR;;;Knoten Stuttgart;mittelbar;mehrere;BW;;;;ja;Maßnahmen Raum Stuttgart (außer Korridor Mannheim - München); 
148;Deutschlandtakt NBS Langes Feld – Stuttgart Hbf;D-148;NBS Langes Feld – Stuttgart Hbf;Fahrzeitkürzung Mannheim – Stuttgart um rund 5 Minuten ggü. Fahr-plan 2021, um in Stuttgart bessere Anschlüsse herstellen zu können (Zielfahrzeit Stuttgart – Mannheim: 31 Minuten), zudem Kapazitäts-erweiterung im Nordzulauf aufgrund Mehrverkehr SPFV;Neubaustrecke im Nordzulauf Langes Feld – Stuttgart Hbf;Langes Feld – Stuttgart Hbf;1134,4;WAHR;;;;;;;;;;;;;;;;;;;;;;;;WAHR;WAHR;WAHR;;;Knoten Stuttgart;unmittelbar;offen;BW;;;;ja;Mannheim - Stuttgart - Augsburg - München; 
149;Deutschlandtakt NBS Stuttgart Hbf – Stuttgart Feuerbach (P-Option);D-149;NBS Stuttgart Hbf – Stuttgart Feuerbach (P-Option);Kapazitätsausweitung für Mehrverkehr SPNV5;Stuttgart Hbf – Stuttgart-Feuerbach: Neubau/Reaktivierung Bestandsstrecke („P-Option“) mit Einbindung in den Zulauf Bad Cannstatt;Stuttgart Hbf – Stuttgart Feuerbach (P-Option);167,6;WAHR;;;;;;;;;;;;;;;;;;;;;;;;FALSCH;FALSCH;WAHR;;;Knoten Stuttgart;mittelbar;4800;BW;;;;ja;Mannheim - Stuttgart - Augsburg - München; 
150;Deutschlandtakt Bahnhof Böblingen;D-150;Bahnhof Böblingen;Kapazitätsausweitung aufgrund SGV-Prognose;Böblingen: mittiges Wartegleis für GV Richtung Kornwestheim;Bahnhof Böblingen;28;;;;;;;;;WAHR;;;;;;;;;;;;;;;;WAHR;WAHR;WAHR;;;Stuttgart - Singen;unmittelbar;4860;BW;;;;ja;Maßnahmen Raum Stuttgart (außer Korridor Mannheim - München); 
151;Deutschlandtakt ABS Veerßen – Uelzen;D-151;ABS Veerßen – Uelzen;Kapazitätsausweitung aufgrund SGV-Prognose;Zweigleisigkeit Veerßen – Uelzen In der Relation Uelzen – Stendal;Veerßen – Uelzen;44,8;;WAHR;;;;;;;;;;;;;;;;;;;;;;;WAHR;WAHR;WAHR;;;Stendal - Uelzen;unmittelbar;6899;;;;;ja;Bremen - Hamburg - Hannover; 
152;Deutschlandtakt Bahnhof Ludwigshafen-Mundenheim;D-152;Bahnhof Ludwigshafen-Mundenheim;Kapazitätsausweitung aufgrund SGV-Prognose;Ludwigshafen-Mundenheim: zweigleisige Einbindung des Gbf Lud-wigshafen in die Strecke Richtung Schifferstadt + zwei Weichenver-bindungen vom mittigen Puffergleis 503 ins Gleis 502 (Richtung Gbf und Richtung Lu-Rheingönheim);Bahnhof Ludwigshafen-Mundenheim;20;;;;;;;;;;;;;;;;;;;;;;;WAHR;;WAHR;WAHR;WAHR;;;Knoten Ludwigshafen;unmittelbar;3280/3401;;;;;ja;Maßnahmen Hessen/RLP; 
153;Deutschlandtakt ABS Bahnhof Ludwigshafen Hbf (hoch);D-153;ABS Bahnhof Ludwigshafen Hbf (hoch);Kapazitätsausweitung aufgrund SGV-Prognose;"Beschreibung der Maßnahme:
zwei Weichenverbindungen in Ludwigshafen Hbf hoch (Süd):
1.) durchgehende Zweigleisigkeit der Strecke 3522
2.) Verbindung von südlichem Bahnsteiggleis Ludwigshafen
Hoch nach Gleis 12 ohne Bahnsteig in gleicher Richtung
(östlich der Bahnsteige)";Bahnhof Ludwigshafen Hbf (hoch);15,6;;WAHR;;;WAHR;;;;;;;;;;;;;;;;;;WAHR;;WAHR;WAHR;WAHR;;;Knoten Ludwigshafen;unmittelbar;3401/3522;;;;;ja;Maßnahmen Hessen/RLP; 
154;Deutschlandtakt Veitshöchheim – Würzburg Rbf (Puffergleis);D-154;Veitshöchheim – Würzburg Rbf (Puffergleis);Kapazitätsausweitung aufgrund SGV-Prognose;Veitshöchheim – Würzburg Rbf: mittiges Puffergleis für SGV (Ein-fahrt Würzburg Rbf);Veitshöchheim – Würzburg Rbf (Puffergleis);63,3;;;;;;;;;WAHR;;;;;;;;;;;;;;;;WAHR;WAHR;WAHR;;;Gemünden - Würzburg;unmittelbar;5200;;;;;ja;Frankfurt - Aschaffenburg - Würzburg - Nürnberg; 
155;Deutschlandtakt ABS Bahnhof Gemünden;D-155;ABS Bahnhof Gemünden;Kapazitätsausweitung aufgrund SGV-Prognose;Gemünden: mittiges Puffergleis für 740 m lange Güterzüge Würz-burg – Aschaffenburg;Bahnhof Gemünden;11,1;;WAHR;;;;;;;;;;;;;;;;;;;;;;;WAHR;WAHR;WAHR;;;Gemünden - Würzburg;unmittelbar;5200/3825/5230;;;;;ja;Frankfurt - Aschaffenburg - Würzburg - Nürnberg; 
156;Deutschlandtakt Bahnhof Kißlegg;D-156;Bahnhof Kißlegg;Kapazitätsausweitung aufgrund SGV-Prognose;Kißlegg: zusätzliches Überhol-/Begegnungsgleis für SGV;Bahnhof Kißlegg;8,1;;;;;;;;;;;;WAHR;;;;;;;;;;;;;WAHR;WAHR;WAHR;;;Memmingen - Lindau;unmittelbar;4550/4560;BY;;;;ja;Maßnahmen Bayern; 
157;Deutschlandtakt Bahnhof Nienburg;D-157;Bahnhof Nienburg;Kapazitätsausweitung aufgrund SGV-Prognose;Nienburg: Überwerfung für die Relation Minden -> Verden;Bahnhof Nienburg;62,7;;;;;;;;;;;;;;;;WAHR;;;;;;;;;WAHR;WAHR;WAHR;;;Nienburg - Minden;unmittelbar;1740/1741;;;;;ja;Bremen - Hamburg - Hannover;  
158;Deutschlandtakt Bremerhaven-Wulsdorf – Bremervörde;D-158;Bremerhaven-Wulsdorf – Bremervörde;Kapazitätsausweitung aufgrund SGV-Prognose, Engpassauflösung zur Schaffung einer leistungsfähigeren Umfahrungsmöglichkeit für den Knoten Bremen;Elektrifizierung Bremerhaven-Wulsdorf – Bremervörde;Bremerhaven-Wulsdorf – Bremervörde;115,2;;;WAHR;;;;;;;;;;;;;;;;;;;;;;WAHR;WAHR;WAHR;;;Bremerhaven-Wulsdorf - Bremervörde - Verden (NE-Bahn EVB);unmittelbar;1300;;;;;ja;Bremen - Hamburg - Hannover; 
159;Deutschlandtakt Rotenburg – Bremervörde;D-159;Rotenburg – Bremervörde;;Elektrifizierung Rotenburg – Bremervörde inkl. der neu zu bauenden Kurve Waffensen – Unterstedt;Rotenburg – Bremervörde;114,2;;;WAHR;;;;;WAHR;;;;;;;;;;;;;;;;;WAHR;WAHR;WAHR;;;Bremerhaven-Wulsdorf - Bremervörde - Verden (NE-Bahn EVB);unmittelbar;1711;;;;;ja;Bremen - Hamburg - Hannover; 
160;Deutschlandtakt Bahnhof Nauendorf;D-160;Bahnhof Nauendorf;Kapazitätsausweitung aufgrund SGV-Prognose;Kreuzungsgleis Nauendorf zur Erfüllung des Mengengerüsts SGV;Bahnhof Nauendorf;5,3;;;;;;;;;;WAHR;;;;;;;;;;;;;;;WAHR;WAHR;WAHR;;;Sandersleben - Halle;unmittelbar;6344;;;;;ja;Basel - Mannheim - Frankfurt - Fulda - Erfurt - Berlin; 
161;Deutschlandtakt Bahnhof Wustermark;D-161;Bahnhof Wustermark;Kapazitätsausweitung aufgrund SGV-Prognose;Weichenverbindungen Wustermark zur Kapazitätssteigerung;Bahnhof Wustermark;7,7;;;;;;;;;;;;;;;;;;;;;;;WAHR;;WAHR;WAHR;WAHR;;;Berlin - Lehrte;unmittelbar;6107/6185;;;;;ja;NRW - Hannover - Berlin; 
162;Deutschlandtakt Bahnhof Rathenow;D-162;Bahnhof Rathenow;Kapazitätsausweitung aufgrund SGV-Prognose;Überholgleis Rathenow;Bahnhof Rathenow;22,4;;;;;;;;;;;;;1;;;;;;;;;;;;WAHR;WAHR;WAHR;;;Berlin - Lehrte;unmittelbar;6185;;;;;ja;NRW - Hannover - Berlin; 
163;Deutschlandtakt Bahnhof Leipzig-Plagwitz;D-163;Bahnhof Leipzig-Plagwitz;Kapazitätsausweitung aufgrund SGV-Prognose;mittiges Wartegleis Leipzig-Plagwitz für den Güterverkehr zum Abkreuzen der S-Bahn;Bahnhof Leipzig-Plagwitz;35;;;;;;;;;WAHR;;;;;;;;;;;;;;;;WAHR;WAHR;WAHR;;;Knoten Leipzig;unmittelbar;6383;;;;;ja;Knoten Leipzig; 
164;Deutschlandtakt Bahnhof Neustadt (Aisch);D-164;Bahnhof Neustadt (Aisch);Kapazitätsausweitung aufgrund SGV-Prognose;mittiges Wendegleis Neustadt (Aisch) für den Personenverkehr mit-tels Gleisverschwenkung;Bahnhof Neustadt (Aisch);26,1;;;;;;;;;;;;;;;;;;;;;;;WAHR;;WAHR;WAHR;WAHR;;;Würzburg - Nürnberg;unmittelbar;5910;;;;;ja;Frankfurt - Aschaffenburg - Würzburg - Nürnberg; 
165;Deutschlandtakt ABS Wurmlingen – Tuttlingen;D-165;ABS Wurmlingen – Tuttlingen;Kapazitätsausweitung aufgrund SGV-Prognose;mittiges Überholgleis Wurmlingen – Tuttlingen für den Güterverkehr;Wurmlingen – Tuttlingen;41,1;;WAHR;;;;;;;;;;;;;;;;;;;;;;;WAHR;WAHR;WAHR;;;Stuttgart - Horb - Singen;unmittelbar;4600;BW;;;;ja;Maßnahmen Raum Stuttgart (außer Korridor Mannheim - München); 
166;Deutschlandtakt Bahnhof Buxheim;D-166;Bahnhof Buxheim;Kapazitätsausweitung aufgrund SGV-Prognose;Neubau Kreuzungsgleis Buxheim für den Güterverkehr;Bahnhof Buxheim;27,8;;;;;;;;;;WAHR;1;;;;;;;;;;;;;;WAHR;WAHR;WAHR;;;Memmingen - Lindau;unmittelbar;4570;BY;;;;ja;Maßnahmen Bayern; 
167;Deutschlandtakt ABS Lehrte West – Lehrte Nord;D-167;ABS Lehrte West – Lehrte Nord;Kapazitätsausweitung aufgrund SGV-Prognose, Entmischung des Güterverkehrs und der S-Bahn;Lehrte West - Lehrte Nord: Überwerfung;Lehrte West – Lehrte Nord;109,4;;WAHR;;;;;;;;;;;;;;WAHR;;;;;;;;;WAHR;WAHR;WAHR;;;Knoten Hannover;unmittelbar;1750;;;;;ja;Knoten Hannover; 
168;Deutschlandtakt Bahnhof Lehrte (Ostkopf);D-168;Bahnhof Lehrte (Ostkopf);Kapazitätsausweitung aufgrund SGV-Prognose, Entmischung der Güterverkehrsströme Celle – Hildesheim und Lehrte – Braunschweig;Ostkopf Lehrte: Zusätzliche Gleisachsen und Weichen;Bahnhof Lehrte (Ostkopf);27,4;;;;;;;;;;;;;;;;;;;;;;;WAHR;;WAHR;WAHR;WAHR;;;Knoten Hannover;unmittelbar;mehrere;;;;;ja;Knoten Hannover; 
169;Deutschlandtakt Knoten Mannheim (Schnellfahrweichen);D-169;Knoten Mannheim (Schnellfahrweichen);Fahrzeitkürzung SPFV um 1 Minute ggü. Fahrplan 2021 zum Errei-chen der erforderlichen Zielfahrzeiten Richtung Basel SBB (95 Minu-ten) und Stuttgart (31 Minuten) zur Anschlusserreichung;Mannheim Hbf: Schnellfahrweichen im Südkopf Mannheim für schnellere Ein- und Ausfahrten;Knoten Mannheim (Schnellfahrweichen);180,7;;;;;;;;;;;;;;;;;;;;;;;WAHR;;WAHR;WAHR;WAHR;;;Knoten Mannheim;unmittelbar;4080;BW;;;;ja;Knoten Mannheim;  