;budget_year;lfd_nr;fin_ve;bedarfsplan_number;name;starting_year;cost_estimate_original;cost_estimate_last_year;cost_estimate_actual;cost_estimate_actual_third_parties;cost_estimate_actual_equity;cost_estimate_actual_891_01;cost_estimate_actual_891_02;cost_estimate_actual_891_03;cost_estimate_actual_891_04;cost_estimate_actual_891_91;delta_previous_year;delta_previous_year_relativ;delta_previous_year_reasons;spent_two_years_previous;spent_two_years_previous_third_parties;spent_two_years_previous_equity;spent_two_years_previous_891_01;spent_two_years_previous_891_02;spent_two_years_previous_891_03;spent_two_years_previous_891_04;spent_two_years_previous_891_91;allowed_previous_year;allowed_previous_year_third_parties;allowed_previous_year_equity;allowed_previous_year_891_01;allowed_previous_year_891_02;allowed_previous_year_891_03;allowed_previous_year_891_04;allowed_previous_year_891_91;spending_residues;spending_residues_891_01;spending_residues_891_02;spending_residues_891_03;spending_residues_891_04;spending_residues_891_91;year_planned;year_planned_third_parties;year_planned_equity;year_planned_891_01;year_planned_891_02;year_planned_891_03;year_planned_891_04;year_planned_891_91;next_years;next_years_third_parties;next_years_equity;next_years_891_01;next_years_891_02;next_years_891_03;next_years_891_04;next_years_891_91
0;2023;B0080;275;N20;"ABS Angermünde‐ Grenze D/PL (‐Stettin)
";2021;379844;379828;444440;100.000;20.498;444.440;-;-;-;-;64612;0.1701085754604716;;14840;‐;781;14.840;-;-;-;-;165749;‐;8.724;165.749;-;-;-;-;‐;‐;-;-;-;-;28544;25.000;1.189;28.544;-;-;-;-;235307;75.000;9.804;235.307;-;-;-;-
1;2023;B0001;30;L 21;ABS Augsburg ‐ München, Augsburg ‐ Mering ‐ Olching ;1997;469877;621983;621404;-;ERGÄNZEN;619.443;-;1.961;-;-;-579;-0.0009308936096324176;;614806;-;-;612.845;-;1.961;-;-;2252;-;-;2.252;-;‐;-;-;3062;3.062;-;‐;-;-;1177;-;-;1.177;-;‐;-;-;107;-;-;107;-;‐;-;-
2;2023;B0002;730;L 05;"ABS Berlin ‐ Dresden, 1. Baustufe,
2. Realisierungsstufe
";2008;189361;419875;421554;-;5.860;384.775;-;-;22.009;14.770;1679;0.003998809169395654;;370591;-;3.375;333.812;-;-;22.009;14.770;33028;-;1.738;33.028;-;-;‐;‐;‐;‐;-;-;‐;‐;16835;-;701;16.835;-;-;‐;‐;1100;-;46;1.100;-;-;‐;‐
3;2023;B0081;732;L 05;"ABS Berlin ‐ Dresden, 1. Baustufe,
2. Realisierungsstufe (Bf Zossen)
";2021;43941;46397;49654;-;2.178;49.654;-;-;-;-;3257;0.07019850421363451;;661;-;35;661;-;-;-;-;7820;-;486;7.820;-;-;-;-;1404;1.404;-;-;-;-;11506;-;479;11.506;-;-;-;-;28263;-;1.178;28.263;-;-;-;-
4;2023;B0003;72;L 14;ABS Berlin ‐ Frankfurt(Oder) ‐ Grenze D/PL;2005;431247;595750;610954;-;ERGÄNZEN;537.751;-;1.517;71.686;-;15204;0.02552077213596307;;472545;-;-;399.342;-;1.517;71.686;-;10323;-;-;10.323;-;‐;‐;-;1308;1.308;-;‐;‐;-;11741;-;-;11.741;-;‐;‐;-;115037;-;-;115.037;-;‐;‐;-
5;2023;B0006;5010;L 19;"ABS Fulda ‐ Frankfurt a.M., 3. Baustufe (Linienverbesserung Neuhof)
";2005;45870;49040;50828;-;ERGÄNZEN;50.828;-;-;-;-;1788;0.036460032626427406;;49687;-;-;49.687;-;-;-;-;815;-;-;815;-;-;-;-;219;219;-;-;-;-;107;-;-;107;-;-;-;-;‐;-;-;‐;-;-;-;-
6;2023;B0004;271;L 30;"ABS Grenze D/NL ‐ Emmerich ‐ Oberhausen, dreigleisiger Ausbau + Knoten Oberhausen (Abschnitt 5)
";2013;746250;1124149;1398310;450.090;80.216;1.385.694;-;12.616;-;-;274161;0.24388315072112327;;70923;116.092;7.535;58.307;-;12.616;-;-;724;256.264;16.594;724;-;‐;-;-;19662;19.662;-;‐;-;-;142633;73.850;9.020;142.633;-;‐;-;-;1164368;3.884;47.067;1.164.368;-;‐;-;-
7;2023;B0104;271;N 21;"ABS Hannover – Berlin (Lehrter Stammbahn),
1. Bauabschnitt
Unterlagen entsprechend § 24 Abs. 4 BHO liegen noch nicht (vollständig) vor.
";vsl.2022;746250;1124149;153428;-;ERGÄNZEN;153.428;-;-;-;-;-970721;-0.8635163132289403;;‐;-;-;‐;-;-;-;-;‐;-;-;‐;-;-;-;-;‐;‐;-;-;-;-;2005;-;-;2.005;-;-;-;-;151423;-;-;151.423;-;-;-;-
8;2023;B0011;269;L 31;"ABS Hoyerswerda ‐ Horka ‐ Grenze D/PL
";2012;368726;416227;447309;-;8.906;372.793;-;52.821;21.695;-;31082;0.07467559769068322;;384043;-;5.626;309.527;-;52.821;21.695;-;12615;-;3.088;12.615;-;‐;‐;-;17974;17.974;-;‐;ERGÄNZEN;-;4000;-;167;4.000;-;‐;‐;-;28677;-;25;28.677;-;‐;‐;-
9;2023;B0010;31;L 13;"ABS Karlsruhe ‐ Stuttgart ‐ Nürnberg ‐ Leipzig/Dresden (Franken‐Sachsen‐Magistrale)
";1997;1183181;1271669;1299425;-;16.878;1.276.514;-;-;10.987;11.924;27756;0.02182643439448473;;1117230;-;8.662;1.094.319;-;-;10.987;11.924;54767;-;2.990;54.767;-;-;‐;‐;2048;2.048;-;-;‐;ERGÄNZEN;15300;-;638;15.300;-;-;‐;‐;110080;-;4.588;110.080;-;-;‐;‐
10;2023;B0031;242;L 13;ABS Karlsruhe ‐ Stuttgart ‐ Nürnberg ‐ Leipzig/Dresden,;2008;86929;93220;93171;-;202;93.171;-;-;-;-;-49;-0.0005256382750482729;;89897;-;33;89.897;-;-;-;-;1466;-;157;1.466;-;-;-;-;1508;1.508;-;-;-;-;200;-;8;200;-;-;-;-;100;-;4;100;-;-;-;-
11;2023;B0076;387;L 13;"ABS Karlsruhe – Stuttgart – Nürnberg – Leipzig/Dresden,
2.Baustufe Gaschwitz – Werdau
";2019;204695;562244;669136;-;30.188;669.136;-;-;-;-;106892;0.19011674646594717;;82839;-;4.360;82.839;-;-;-;-;118183;-;6.710;118.183;-;-;-;-;9313;9.313;-;-;-;-;55000;-;2.292;55.000;-;-;-;-;403801;-;16.826;403.801;-;-;-;-
12;2023;B0067;248;L 15;"ABS Köln‐Aachen‐Grenze D/B, Eschweiler / Rothe Erde
";2016;39554;58525;72441;-;3.679;72.441;-;-;-;-;13916;0.2377787270397266;;45429;-;2.385;45.429;-;-;-;-;12458;-;811;12.458;-;-;-;-;2954;2.954;-;-;-;-;6600;-;275;6.600;-;-;-;-;5000;-;208;5.000;-;-;-;-
13;2023;B0012;44;L 17;ABS Ludwigshafen ‐ Saarbrücken (POS Nord), 1. Baustufe;1998;179668;292498;288811;-;ERGÄNZEN;278.627;-;10.184;-;-;-3687;-0.012605214394628339;;285385;-;-;275.201;-;10.184;-;-;1149;-;-;1.149;-;‐;-;-;1742;1.742;-;ERGÄNZEN;-;-;428;-;-;428;-;‐;-;-;107;-;-;107;-;‐;-;-
14;2023;B0013;42;L 17;"ABS Ludwigshafen ‐ Saarbrücken (POS Nord), 2. Baustufe
";2005;152890;411439;412634;-;ERGÄNZEN;394.865;-;17.769;-;-;1195;0.0029044402693959494;;284514;-;-;266.745;-;17.769;-;-;7326;-;-;7.326;-;‐;-;-;3682;3.682;-;ERGÄNZEN;-;-;19902;-;-;19.902;-;ERGÄNZEN;-;-;97210;-;-;97.210;-;‐;-;-
15;2023;B0009;108;L 07;"ABS Löhne ‐ Braunschweig ‐ Wolfsburg, Hildesheim ‐ Großgleidingen
";2009;77934;133082;133007;-;ERGÄNZEN;133.007;-;-;-;-;-75;-0.0005635623149637066;;131759;-;-;131.759;-;-;-;-;545;-;-;545;-;-;-;-;596;596;-;-;-;-;107;-;-;107;-;-;-;-;‐;-;-;‐;-;-;-;-
16;2023;B0014;5027;L 18;"ABS Mainz ‐ Mannheim, Nordkopf Mainz
";2010;38056;51160;50791;-;ERGÄNZEN;35.461;-;-;-;15.330;-369;-0.007212666145426114;;45955;-;-;30.625;-;-;-;15.330;2447;-;-;2.447;-;-;-;‐;1961;1.961;-;-;-;ERGÄNZEN;321;-;-;321;-;-;-;‐;107;-;-;107;-;-;-;‐
17;2023;B0016;5043;L 22;ABS München ‐ Mühldorf ‐ Freilassing, dreigleisiger Ausbau Freilassing ‐ Grenze D/A ;2013;38189;37240;36928;-;ERGÄNZEN;24.521;-;12.407;-;-;-312;-0.008378088077336197;;35248;-;-;22.841;-;12.407;-;-;658;-;-;658;-;‐;-;-;915;915;-;ERGÄNZEN;-;-;107;-;-;107;-;‐;-;-;‐;-;-;‐;-;‐;-;-
18;2023;B0017;5042;L 22;"ABS München ‐ Mühldorf ‐ Freilassing,
Altmühldorf ‐ Tüßling
";2013;106401;114063;113094;-;ERGÄNZEN;113.094;-;-;-;-;-969;-0.008495305226059282;;110620;-;-;110.620;-;-;-;-;1022;-;-;1.022;-;-;-;-;1345;1.345;-;-;-;-;107;-;-;107;-;-;-;-;‐;-;-;‐;-;-;-;-
19;2023;B0020;2256;L 28;ABS Oldenburg ‐ Wilhelmshaven, Baustufe III.a (zweigleisiger Ausbau) ;2011;181465;235177;237493;-;442;237.493;-;-;-;-;2316;0.009847901793117524;;231603;-;136;231.603;-;-;-;-;3958;-;289;3.958;-;-;-;-;1529;1.529;-;-;-;-;303;-;13;303;-;-;-;-;100;-;4;100;-;-;-;-
20;2023;B0057;3256;L 28;"ABS Oldenburg ‐ Wilhelmshaven,
Baustufe III.b (Elektrifizierung und Ertüchtigung)
";2015;348677;674148;733219;-;34.270;733.219;-;-;-;-;59071;0.08762319253339029;;482607;-;22.720;482.607;-;-;-;-;101050;-;5.318;101.050;-;-;-;-;‐;‐;-;-;-;-;55462;-;2.311;55.462;-;-;-;-;94100;-;3.921;94.100;-;-;-;-
21;2023;B0021;5094;L 12;"ABS Paderborn ‐ Chemnitz,
4.Teil Weimar ‐ Stadtroda
";2012;62435;74261;76172;-;ERGÄNZEN;76.172;-;-;-;-;1911;0.025733561357913305;;71121;-;-;71.121;-;-;-;-;3608;-;-;3.608;-;-;-;-;1336;1.336;-;-;-;-;107;-;-;107;-;-;-;-;‐;-;-;‐;-;-;-;-
22;2023;B0022;244;L 04;ABS Stelle ‐ Lüneburg, dreigleisiger Ausbau;2009;260390;298980;283272;-;ERGÄNZEN;206.410;-;-;76.862;-;-15708;-0.052538631346578366;;259968;-;-;183.106;-;-;76.862;-;9087;-;-;9.087;-;-;ERGÄNZEN;-;12612;12.612;-;-;ERGÄNZEN;-;1070;-;-;1.070;-;-;‐;-;535;-;-;535;-;-;‐;-
23;2023;B0075;286;N 23;"ABS Stuttgart – Singen – Grenze D/CH,
Horb – Neckarhausen
";2019;33366;33366;32671;-;1.480;32.671;-;-;-;-;-695;-0.020829587004735358;;3502;-;184;3.502;-;-;-;-;7188;-;384;7.188;-;-;-;-;99;99;-;-;-;-;17210;-;717;17.210;-;-;-;-;4672;-;195;4.672;-;-;-;-
24;2023;B0105;286;N 15/ P44;"ABS Uelzen – Stendal – Magdeburg – Halle, Stendal – Uelzen (2. Baustufe)
Unterlagen entsprechend § 24 Abs. 4 BHO liegen noch nicht (vollständig) vor.";vsl.2023;33366;33366;777808;-;ERGÄNZEN;777.808;-;-;-;-;744442;22.3113948330636;;‐;-;-;‐;-;-;-;-;‐;-;-;‐;-;-;-;-;‐;‐;-;-;-;-;3123;-;-;3.123;-;-;-;-;774685;-;-;774.685;-;-;-;-
25;2023;B0082;1163;N 15;"ABS Uelzen ‐ Stendal‐ Magdeburg‐ Halle, Überholgleise Schnega und Salzwedel
";2020;20628;20629;20790;-;992;20.790;-;-;-;-;161;0.007804546996946046;;1883;-;99;1.883;-;-;-;-;9549;-;503;9.549;-;-;-;-;‐;‐;-;-;-;-;9165;-;382;9.165;-;-;-;-;193;-;8;193;-;-;-;-
26;2023;B0023;162;L 29;"ABS Uelzen ‐ Stendal, 1. Baustufe
";2011;54880;57160;56964;-;ERGÄNZEN;56.964;-;-;-;-;-196;-0.0034289713086074177;;55274;-;-;55.274;-;-;-;-;723;-;-;723;-;-;-;-;860;860;-;-;-;-;107;-;-;107;-;-;-;-;‐;-;-;‐;-;-;-;-
27;2023;B0062;270;N 01;"ABS Ulm ‐ Friedrichshafen ‐ Lindau, Elektrifizierung
";2015;97447;228742;232428;112.500;17.072;232.428;-;-;-;-;3686;0.01611422475977302;;194657;112.168;15.377;194.657;-;-;-;-;15052;332;749;15.052;-;-;-;-;‐;‐;-;-;-;-;7447;‐;310;7.447;-;-;-;-;15272;‐;636;15.272;-;-;-;-
28;2023;B0083;1251;N 09;"ABS/ NBS Hamburg‐Lübeck‐Puttgarten (Hinterlandanbindung FBQ),
ohne Fehmarnsundquerung
";2020;1991024;2003555;2005259;-;84.307;2.005.259;-;-;-;-;1704;0.0008504882571229639;;29675;-;1.547;29.675;-;-;-;-;40559;-;2.135;40.559;-;-;-;-;‐;‐;-;-;-;-;190001;-;12.083;190.001;-;-;-;-;1745024;-;68.542;1.745.024;-;-;-;-
29;2023;B0008;207;L 16;ABS Hanau ‐ Nantenbach, Schwarzkopftunnel  ;2011;214572;254808;254291;-;ERGÄNZEN;254.291;-;-;-;-;-517;-0.0020289786819880067;;252905;-;-;252.905;-;-;-;-;142;-;-;142;-;-;-;-;1094;1.094;-;-;-;-;150;-;-;150;-;-;-;-;‐;-;-;‐;-;-;-;-
30;2023;B0071;294;N 02;"ABS/NBS Hanau – Würzburg / Fulda – Erfurt,
ESTW Gelnhausen
";2018;49311;97725;101647;-;4.960;101.647;-;-;-;-;3922;0.040133026349449985;;34330;-;1.807;34.330;-;-;-;-;26410;-;1.673;26.410;-;-;-;-;5384;5.384;-;-;-;-;13692;-;571;13.692;-;-;-;-;21831;-;909;21.831;-;-;-;-
31;2023;B0058;5054;N 02;"ABS/NBS Hanau‐ Würzburg/Fulda‐ Erfurt; Erfurt‐ Eisenach
";2015;71510;95776;86802;-;ERGÄNZEN;86.802;-;-;-;-;-8974;-0.09369779485466087;;84348;-;-;84.348;-;-;-;-;‐;-;-;2.975;-;-;-;-;4787;4.787;-;-;-;-;535;-;-;535;-;-;-;-;107;-;-;107;-;-;-;-
32;2023;B0106;5054;N 02;"ABS/NBS Hanau – Würzburg / Fulda – Erfurt, Langenselbold – Gelnhausen
Unterlagen entsprechend § 24 Abs. 4 BHO liegen noch nicht (vollständig) vor.
";vsl.2022;71510;95776;635438;-;ERGÄNZEN;635.438;-;-;-;-;539662;5.634626628800534;;‐;-;-;‐;-;-;-;-;‐;-;-;‐;-;-;-;-;‐;‐;-;-;-;-;5000;-;-;5.000;-;-;-;-;630438;-;-;630.438;-;-;-;-
33;2023;B0024;5009;L 24;ABS/NBS Karlsruhe ‐ Basel, StA 1 (mit Tunnel Rastatt) ;2012;690084;950519;1011216;-;26.156;834.893;-;150.167;-;-;60697;0.06385669302770382;;587714;-;26.156;404.743;-;156.815;-;-;121390;-;6.648;128.038;-;‐;-;-;12032;12.032;-;‐;-;-;60000;-;‐;60.000;-;‐;-;-;230080;-;‐;230.080;-;‐;-;-
34;2023;B0025;5028;L 24;"ABS/NBS Karlsruhe ‐ Basel,
StA 9.0
";2012;198345;407342;479822;1.050;22.383;469.260;-;10.562;-;-;72480;0.17793402104374212;;128180;‐;2.793;117.618;-;10.562;-;-;121773;1.050;3.617;121.773;-;‐;-;-;‐;‐;-;‐;-;-;65631;‐;2.735;65.631;-;‐;-;-;164238;‐;13.238;164.238;-;‐;-;-
35;2023;B0026;5005;L 24;"ABS/NBS Karlsruhe ‐ Basel,
StA 9.1 (mit Katzenbergtunnel)
";2003;864834;674015;674052;-;1.520;618.607;-;55.445;-;-;37;5.4894920736185394e-05;;648158;-;202;592.713;-;55.445;-;-;13530;-;1.152;13.530;-;‐;-;-;8363;8.363;-;‐;-;-;2962;-;123;2.962;-;‐;-;-;1039;-;43;1.039;-;‐;-;-
36;2023;B0027;5024;L 24;"ABS/NBS Karlsruhe ‐ Basel,
StA 9.2 und 9.3
";2010;372516;693364;951721;-;38.373;910.762;-;32.859;-;8.100;258357;0.3726138074662082;;293198;-;9.980;252.239;-;32.859;-;8.100;87097;-;4.584;87.097;-;‐;-;‐;‐;‐;-;‐;-;ERGÄNZEN;65546;-;2.731;65.546;-;‐;-;‐;505880;-;21.078;505.880;-;‐;-;‐
37;2023;B0063;832;L 26;Knoten Berlin, Dresdner Bahn (Südkreuz ‐ Blankenfelde) ;2016;354354;647740;647735;-;29.131;647.735;-;-;-;-;-5;-7.719146571155093e-06;;132934;-;6.981;132.934;-;-;-;-;61086;-;3.358;61.086;-;-;-;-;2715;2.715;-;-;-;-;84400;-;3.517;84.400;-;-;-;-;366600;-;15.275;366.600;-;-;-;-
38;2023;B0029;112;L 26;"Knoten Berlin, Ostkreuz
";2006;111798;99309;104456;-;ERGÄNZEN;104.456;-;-;-;-;5147;0.0518281323948484;;99857;-;-;99.857;-;-;-;-;2074;-;-;2.074;-;-;-;-;2418;2.418;-;-;-;-;107;-;-;107;-;-;-;-;‐;-;-;‐;-;-;-;-
39;2023;B0030;115;L 26;"Knoten Berlin, Schienenanbindung Flughafen Berlin‐Brandenburg (BER)
";2006;576000;598343;598343;-;ERGÄNZEN;593.399;-;-;-;4.944;0;0.0;;584259;-;-;579.315;-;-;-;4.944;2558;-;-;2.558;-;-;-;‐;‐;‐;-;-;-;ERGÄNZEN;6102;-;-;6.102;-;-;-;‐;5424;-;-;5.424;-;-;-;‐
40;2023;B0061;274;L 26;Knoten Berlin, Stettiner Bahn (2. Baustufe Nordkreuz‐ Karow) ;2015;111249;119327;112439;-;4.383;112.439;-;-;-;-;-6888;-0.05772373394118682;;99123;-;3.757;99.123;-;-;-;-;3089;-;340;3.089;-;-;-;-;3377;3.377;-;-;-;-;5250;-;219;5.250;-;-;-;-;1600;-;67;1.600;-;-;-;-
41;2023;B0032;5036;L 26;"Knoten Erfurt,
3. Baustufe (Einbindung VDE 8.1/8.2)
";2009;156765;154253;153601;-;ERGÄNZEN;112.545;-;-;-;41.056;-652;-0.0042268221687746755;;143646;-;-;102.590;-;-;-;41.056;4490;-;-;4.490;-;-;-;‐;3539;3.539;-;-;-;ERGÄNZEN;1070;-;-;1.070;-;-;-;‐;856;-;-;856;-;-;-;‐
42;2023;B0064;277;N 25;Knoten Frankfurt a.M., Homburger Damm ;2016;113210;153132;156317;-;7.391;156.317;-;-;-;-;3185;0.020799049186322912;;122370;-;5.738;122.370;-;-;-;-;18694;-;1.143;18.694;-;-;-;-;3020;3.020;-;-;-;-;11833;-;493;11.833;-;-;-;-;400;-;17;400;-;-;-;-
43;2023;B0072;272;N 25;"Knoten Frankfurt a.M., Sportfeld (2. Baustufe)
";2018;243239;301109;339521;-;14.960;339.521;-;-;-;-;38412;0.12756842206642777;;35821;-;1.885;35.821;-;-;-;-;27285;-;2.031;27.285;-;-;-;-;11312;11.312;-;-;-;-;31999;-;1.333;31.999;-;-;-;-;233104;-;9.711;233.104;-;-;-;-
44;2023;B0034;265;L 26;"Knoten Halle/Leipzig,
2. Baustufe (Knoten Halle)
";2012;222982;564386;566219;-;13.422;566.219;-;-;-;-;1833;0.003247777230477014;;465564;-;8.946;465.564;-;-;-;-;25685;-;1.352;25.685;-;-;-;-;‐;‐;-;-;-;-;33646;-;1.402;33.646;-;-;-;-;41324;-;1.722;41.324;-;-;-;-
45;2023;B0085;‐;P 39;"Knoten Hamburg, Meckelfeld
";2021;142766;142766;186125;-;8.248;186.125;-;-;-;-;43359;0.3037067649160164;;15057;-;792;15.057;-;-;-;-;29670;-;1.562;29.670;-;-;-;-;‐;‐;-;-;-;-;37143;-;1.548;37.143;-;-;-;-;104255;-;4.346;104.255;-;-;-;-
46;2023;B0084;408;P 39;"Knoten Hamburg, S 4 Ost
";2020;884921;902619;919999;-;ERGÄNZEN;919.999;-;-;-;-;17380;0.019255078831710834;;35166;-;-;35.166;-;-;-;-;‐;-;-;5.518;-;-;-;-;44771;44.771;-;-;-;-;156256;-;-;156.256;-;-;-;-;689324;-;-;689.324;-;-;-;-
47;2023;B0077;288;P 41;Knoten Köln, Gummersbacher Straße ;2019;397430;396747;435981;-;18.278;435.981;-;-;-;-;39234;0.09888921655362233;;3615;-;191;3.615;-;-;-;-;4205;-;338;4.205;-;-;-;-;2207;2.207;-;-;-;-;44258;-;1.844;44.258;-;-;-;-;381696;-;15.905;381.696;-;-;-;-
48;2023;B0035;238;L 26;"Knoten Magdeburg,
2. Baustufe
";2007;238166;488907;513445;-;15.013;513.445;-;-;-;-;24538;0.05018950434336183;;273813;-;4.780;273.813;-;-;-;-;17092;-;1.181;17.092;-;-;-;-;5350;5.350;-;-;-;-;28438;-;1.185;28.438;-;-;-;-;188752;-;7.867;188.752;-;-;-;-
49;2023;B0038;5025;L 20;"NBS/ABS Stuttgart ‐ Ulm ‐ Augsburg,
Wendlingen ‐ Ulm
";2009;923800;2858342;2878360;-;ERGÄNZEN;2.385.545;-;492.815;-;-;20018;0.007003360689518609;;2511636;-;-;2.018.821;-;492.815;-;-;34474;-;-;34.474;-;‐;-;-;‐;‐;-;ERGÄNZEN;-;-;100108;-;-;100.108;-;‐;-;-;232142;-;-;232.142;-;‐;-;-
50;2023;B0039;194;L 37;"Rangierbahnhof Halle(Saale) Nord
";2011;107559;154728;150051;-;ERGÄNZEN;150.051;-;-;-;-;-4677;-0.03022723747479448;;141473;-;-;141.473;-;-;-;-;2413;-;-;2.413;-;-;-;-;5951;5.951;-;-;-;-;214;-;-;214;-;-;-;-;‐;-;-;‐;-;-;-;-
51;2023;B0040;5095;N 17;"Rhein‐Ruhr‐Express (RRX),
Dortmund Hbf
";2014;46503;99175;106341;16.672;22.233;89.669;-;-;-;-;7166;0.07225611293168642;;54499;8.566;14.699;45.933;-;-;-;-;27020;3.550;3.400;23.470;-;-;-;-;2528;2.528;-;-;-;-;11620;1.720;2.484;9.900;-;-;-;-;10674;2.836;1.650;7.838;-;-;-;-
52;2023;B0041;5029         N 17;N 17;Rhein‐Ruhr‐Express (RRX), PFB 1 (Köln ‐ Langenfeld) ;2014;181160;212198;252152;-;11.852;252.152;-;-;-;-;39954;0.18828641174751884;;95051;-;4.754;95.051;-;-;-;-;50201;-;2.642;50.201;-;-;-;-;‐;‐;-;-;-;-;40000;-;1.667;40.000;-;-;-;-;66900;-;2.789;66.900;-;-;-;-
53;2023;B0086;‐            N 17;N 17;"Rhein‐Ruhr‐Express (RRX), PFB 2.1 (Reisholz‐Wehrhahn)
";2021;369018;369018;370251;-;15.481;370.251;-;-;-;-;1233;0.003341300424369543;;1233;-;64;1.233;-;-;-;-;3706;-;195;3.706;-;-;-;-;‐;‐;-;-;-;-;6014;-;251;6.014;-;-;-;-;359298;-;14.971;359.298;-;-;-;-
54;2023;B0070;5103         N 17;N 17;"Rhein‐Ruhr‐Express (RRX), PFB 3.0
(Wehrhahn – Unterrath und ESTW Düsseldorf)
";2018;281833;309989;310179;-;13.429;310.179;-;-;-;-;190;0.0006129249747571688;;16264;-;857;16.264;-;-;-;-;29647;-;1.560;29.647;-;-;-;-;‐;‐;-;-;-;-;43601;-;1.817;43.601;-;-;-;-;220667;-;9.195;220.667;-;-;-;-
55;2023;B0107;N 17;N 17;"Rhein‐Ruhr‐Express (RRX), PFB 3.0a (Unterrath – Kalkum)
Unterlagen entsprechend § 24 Abs. 4 BHO liegen noch nicht (vollständig) vor.
";vsl.2022;281833;309989;193024;-;ERGÄNZEN;193.024;-;-;-;-;-116965;-0.3773198403814329;;‐;-;-;‐;-;-;-;-;‐;-;-;‐;-;-;-;-;‐;‐;-;-;-;-;1442;-;-;1.442;-;-;-;-;191582;-;-;191.582;-;-;-;-
56;2023;B0065;5098         N 17;N 17;"Rhein‐Ruhr‐Express (RRX), PFB 4 (Mülheim(Ruhr))
";2016;14061;17639;18997;-;991;18.997;-;-;-;-;1358;0.07698849141107772;;13529;-;713;13.529;-;-;-;-;3216;-;240;3.216;-;-;-;-;1352;1.352;-;-;-;-;500;-;21;500;-;-;-;-;400;-;17;400;-;-;-;-
57;2023;B0068;5099         N 17;N 17;"Rhein‐Ruhr‐Express (RRX), PFB 5 (Essen ‐ Bochum)
";2017;135508;149688;149750;-;6.480;149.750;-;-;-;-;62;0.0004141948586393031;;7062;-;371;7.062;-;-;-;-;12056;-;790;12.056;-;-;-;-;2947;2.947;-;-;-;-;18001;-;750;18.001;-;-;-;-;109684;-;4.569;109.684;-;-;-;-
58;2023;B0042;83              ‐;N 17;"Stuttgart 21
";2009;563800;563800;563800;-;ERGÄNZEN;0;-;563.800;-;-;0;0.0;;458507;-;-;‐;-;458.507;-;-;‐;-;-;‐;-;‐;-;-;‐;ERGÄNZEN;-;ERGÄNZEN;-;-;‐;-;-;‐;-;‐;-;-;105293;-;-;‐;-;105.293;-;-
59;2023;B0108;N 27;N 17;"Umschlagbahnhof Augsburg
Unterlagen entsprechend § 24 Abs. 4 BHO liegen noch nicht (vollständig) vor.
";vsl.2022;563800;563800;72371;-;ERGÄNZEN;72.371;-;-;-;-;-491429;-0.8716371053565094;;‐;-;-;‐;-;-;-;-;‐;-;-;‐;-;-;-;-;‐;‐;-;-;-;-;1992;-;-;1.992;-;-;-;-;70379;-;-;70.379;-;-;-;-
60;2023;B0043;608;L 37;"Umschlagbahnhof Duisburg‐Ruhrort Hafen,
1. und 2. Baustufe
";2010;39016;50143;52888;-;ERGÄNZEN;27.816;-;-;-;-;2745;0.05474343377939094;;40104;-;-;15.032;-;-;-;-;7163;-;-;7.163;-;-;-;-;2732;2.732;-;-;-;-;2247;-;-;2.247;-;-;-;-;642;-;-;642;-;-;-;-
61;2023;B0044;607;L 37;"Umschlagbahnhof Hamburg‐Billwerder,
3. Modul
";2009;15931;38500;38044;-;ERGÄNZEN;20.679;-;-;-;-;-456;-0.011844155844155844;;32964;-;-;15.599;-;-;-;-;957;-;-;957;-;-;-;-;2411;2.411;-;-;-;-;1070;-;-;1.070;-;-;-;-;642;-;-;642;-;-;-;-
62;2023;B0078;612;N 27;"Umschlagbahnhof Karlsruhe
";2019;10748;11241;11716;-;581;11.716;-;-;-;-;475;0.04225602704385731;;3588;-;189;3.588;-;-;-;-;3639;-;258;3.639;-;-;-;-;1260;1.260;-;-;-;-;104;-;4;104;-;-;-;-;3125;-;130;3.125;-;-;-;-
63;2023;B0087;‐;N 27;"Umschlagbahnhof Kornwestheim, 1.Baustufe
";2021;38184;38184;38184;-;1.608;38.184;-;-;-;-;0;0.0;;‐;-;‐;‐;-;-;-;-;1577;-;83;1.577;-;-;-;-;‐;‐;-;-;-;-;7012;-;292;7.012;-;-;-;-;29595;-;1.233;29.595;-;-;-;-
64;2023;B0045;214;L 37;"Umschlagbahnhof Lehrte (MegaHub)
";2012;87052;147811;147694;-;8.231;139.463;-;-;-;-;-117;-0.0007915513730371894;;139121;-;8.231;130.890;-;-;-;-;5226;-;‐;5.226;-;-;-;-;3247;3.247;-;-;-;-;100;-;‐;100;-;-;-;-;‐;-;‐;‐;-;-;-;-
65;2023;B0046;5046;L 09;"VDE 8.1, ABS Nürnberg ‐ Ebensfeld (Baiersdorf ‐ Forchheim)
";2015;228365;224678;224005;-;5.152;224.005;-;-;-;-;-673;-0.002995397858268277;;186917;-;3.383;186.917;-;-;-;-;10332;-;1.078;10.332;-;-;-;-;10156;10.156;-;-;-;-;8500;-;354;8.500;-;-;-;-;8100;-;337;8.100;-;-;-;-
66;2023;B0069;5048;N 08;"VDE 8.1, ABS Nürnberg ‐ Ebensfeld (Eggolsheim ‐ Strullendorf)
";2017;241484;257110;266460;-;12.148;266.460;-;-;-;-;9350;0.03636575784683598;;31779;-;1.673;31.779;-;-;-;-;49626;-;3.341;49.626;-;-;-;-;13857;13.857;-;-;-;-;27201;-;1.133;27.201;-;-;-;-;143997;-;6.001;143.997;-;-;-;-
67;2023;B0047;5021;L 09;"VDE 8.1, ABS Nürnberg ‐ Ebensfeld (Eltersdorf ‐ Erlangen,
ESTW Strullendorf+Eggolsheim)
";2012;123556;128377;129210;-;1.417;124.349;-;4.861;-;-;833;0.006488701247108127;;106899;-;359;102.038;-;4.861;-;-;4186;-;611;4.186;-;‐;-;-;7425;7.425;-;‐;-;-;6000;-;250;6.000;-;‐;-;-;4700;-;197;4.700;-;‐;-;-
68;2023;B0048;5045;L 09;"VDE 8.1, ABS Nürnberg ‐ Ebensfeld (Erlangen ‐ Baiersdorf)
";2014;203550;176325;176608;-;1.525;176.608;-;-;-;-;283;0.0016049907840635191;;159557;-;676;159.557;-;-;-;-;6769;-;668;6.769;-;-;-;-;5931;5.931;-;-;-;-;2500;-;104;2.500;-;-;-;-;1851;-;77;1.851;-;-;-;-
69;2023;B0066;5047;N 08;"VDE 8.1, ABS Nürnberg ‐ Ebensfeld (Forchheim‐Eggolsheim)
";2016;209584;248121;251514;-;11.868;251.514;-;-;-;-;3393;0.013674779643802822;;102191;-;5.331;102.191;-;-;-;-;28721;-;1.512;28.721;-;-;-;-;‐;‐;-;-;-;-;29999;-;1.250;29.999;-;-;-;-;90603;-;3.775;90.603;-;-;-;-
70;2023;B0073;5055;P 04;"VDE 8.1, ABS Nürnberg – Ebensfeld (Güterzugstrecke Nürnberg Rangierbahnhof – Eltersdorf)
";2018;571693;609068;609465;-;25.913;609.465;-;-;-;-;397;0.0006518155608240787;;6970;-;367;6.970;-;-;-;-;26601;-;2.126;26.601;-;-;-;-;13795;13.795;-;-;-;-;64999;-;2.708;64.999;-;-;-;-;497100;-;20.712;497.100;-;-;-;-
71;2023;B0109;5055;N 08;VDE 8.1, ABS Nürnberg – Ebensfeld (Knoten Bamberg);vsl.2022;571693;609068;801259;-;ERGÄNZEN;801.259;-;-;-;-;192191;0.31554933110917005;;‐;-;-;‐;-;-;-;-;‐;-;-;‐;-;-;-;-;‐;‐;-;-;-;-;3029;-;-;3.029;-;-;-;-;798230;-;-;798.230;-;-;-;-
72;2023;B0049;5007;L 09;"VDE 8.1, ABS Nürnberg ‐ Ebensfeld (Nürnberg ‐ Fürth)
";2005;138000;221344;220812;-;1.082;218.515;-;2.297;-;-;-532;-0.0024034986265722134;;210878;-;584;208.581;-;2.297;-;-;2629;-;402;2.629;-;‐;-;-;5005;5.005;-;‐;-;-;1700;-;71;1.700;-;‐;-;-;600;-;25;600;-;‐;-;-
73;2023;B0074;5200;N 08;"VDE 8.1, ABS Nürnberg – Ebensfeld,
ESTW Bamberg
";2018;61629;64111;64426;-;2.824;64.426;-;-;-;-;315;0.004913353402692206;;4540;-;239;4.540;-;-;-;-;‐;-;‐;2.885;-;-;-;-;11071;11.071;-;-;-;-;9000;-;375;9.000;-;-;-;-;42700;-;1.779;42.700;-;-;-;-
74;2023;B0050;40;L 09;VDE 8.1, NBS Ebensfeld ‐ Erfurt;1994;2002950;3569290;3570839;-;143.944;2.936.053;-;27.243;239.301;94.059;1549;0.0004339798671444461;;3466230;-;143.944;2.831.444;-;27.243;239.301;94.059;47157;-;‐;47.157;-;‐;‐;‐;5306;5.306;-;‐;ERGÄNZEN;ERGÄNZEN;23316;-;‐;23.316;-;‐;‐;‐;28830;-;‐;28.830;-;‐;‐;‐
75;2023;B0051;380;L 10;"VDE 8.2, NBS Erfurt ‐ Gröbers (‐ Leipzig/ Halle)
";2003;1858828;2361127;2368948;-;6.441;2.148.872;-;42.429;93.866;83.781;7821;0.003312401238899898;;2269767;-;3.875;2.049.691;-;42.429;93.866;83.781;49401;-;2.000;49.401;-;‐;‐;‐;28055;28.055;-;‐;ERGÄNZEN;ERGÄNZEN;9180;-;204;9.180;-;‐;‐;‐;12545;-;362;12.545;-;‐;‐;‐
76;2023;B0053;4001;L 11;"VDE 9, ABS Leipzig ‐ Dresden,
3. Baustufe
";2003;340998;340809;339707;-;ERGÄNZEN;271.433;-;-;49.999;18.275;-1102;-0.0032334826838493116;;321055;-;-;252.781;-;-;49.999;18.275;9725;-;-;9.725;-;-;‐;‐;5824;5.824;-;-;ERGÄNZEN;ERGÄNZEN;2140;-;-;2.140;-;-;‐;‐;963;-;-;963;-;-;‐;‐
77;2023;B0088;386;L 11;"VDE 9, ABS Leipzig – Dresden,
3. Baustufe (Krbw. Dresden Hbf)
";2021;80171;80171;85393;-;3.638;85.393;-;-;-;-;5222;0.0651357722867371;;‐;-;‐;‐;-;-;-;-;7342;-;386;7.342;-;-;-;-;‐;‐;-;-;-;-;19275;-;803;19.275;-;-;-;-;58776;-;2.449;58.776;-;-;-;-
78;2023;B0079;385;L 11;"VDE 9, ABS Leipzig – Dresden,
3. Baustufe (Zeithain – Leckwitz)
";2019;103670;159128;161672;-;7.393;161.672;-;-;-;-;2544;0.0159871298577246;;36849;-;1.926;36.849;-;-;-;-;21483;-;1.274;21.483;-;-;-;-;2718;2.718;-;-;-;-;22800;-;950;22.800;-;-;-;-;77822;-;3.243;77.822;-;-;-;-
